,seeds,N_targets_E18,mean_E18,pval_E18,pval.adj_E18,std_E18,N_targets_E75,mean_E75,pval_E75,pval.adj_E75,std_E75
1,AGGAA,39.0,-6.502737056932188,1.662049274973225e-28,1.698614359022636e-25,1.065391017108478,39.0,-2.9786485318255567,1.6399659983043404e-18,1.6760452502670359e-15,0.9237232360159854
2,TGACT,23.0,-5.895690667810612,6.087593153410874e-16,6.221520202785913e-13,1.0752862415865647,23.0,-1.339865683689429,0.0002759664778062194,0.2820377403179562,0.8152815704933343
3,ACCCA,38.0,-5.865222809601462,5.985857525738302e-23,6.117546391304544e-20,1.286947275275888,38.0,-2.4567905490494706,8.969111185643163e-13,9.166431631727313e-10,1.0758783815159152
4,AAAGG,41.0,-5.631255583351891,7.347240252921126e-27,7.508879538485391e-24,1.0691021597943249,41.0,-1.6841598056436602,9.423924941909144e-15,9.631251290631146e-12,0.5790129611779012
5,GAGGC,33.0,-5.405639844763655,1.0768975150209207e-20,1.100589260351381e-17,1.1038032824120152,33.0,-1.9065495208178138,3.866225057430733e-07,0.0003951282008694209,1.1755844941703395
6,CGGAA,72.0,-5.396715947623455,9.145040187843218e-40,9.34623107197577e-37,1.2744520655804183,72.0,-1.5136639467666972,3.1642741003239095e-08,3.2338881305310354e-05,1.2407316295241857
7,ATATG,50.0,-5.3677440932648235,9.23432853004509e-26,9.437483757706083e-23,1.4182137352225674,50.0,-1.0772342052294257,2.200650045312488e-06,0.002249064346309363,0.622016651908195
8,AACTA,24.0,-5.104422898668934,1.363922406364957e-11,1.393928699304986e-08,1.5398604156774371,24.0,-0.8843799789077275,0.41197328100650044,1.0,1.6353882623030584
9,TGGAA,66.0,-5.069582849643261,4.437956827674413e-35,4.53559187788325e-32,1.2431132258198236,66.0,-1.2579923910562691,1.974480869821533e-06,0.0020179194489576067,1.0147239351957225
10,CACTC,64.0,-5.0056885065845576,9.465794191704457e-34,9.674041663921955e-31,1.23732329178781,64.0,-1.7637038487175276,3.9886919011307455e-08,4.076443122955622e-05,1.4828572595229634
11,GTATA,24.0,-4.806603860712861,1.2453611863442219e-11,1.2727591324437948e-08,1.4147553774099424,24.0,-0.7941715338519296,0.20519588789272158,1.0,0.7091580481845591
12,TATAG,18.0,-4.7835382277355025,6.365394235499847e-09,6.505432908680843e-06,1.415420115492076,18.0,-2.1241529056275885,5.029720558863387e-07,0.0005140374411158382,0.8247061506932757
13,GACTC,45.0,-4.642044434986457,7.639956656655279e-22,7.808035703101696e-19,1.273078356605588,45.0,-1.0819769209331755,9.464200717637395e-05,0.09672413133425417,0.744176741383623
14,GGGAC,36.0,-4.628680140217985,7.988460575163259e-15,8.164206707816851e-12,1.5805073133004084,36.0,-1.4412904309136032,0.0011202729720198772,1.0,1.412531089659551
15,ATACA,22.0,-4.308375002515018,1.5292376633723706e-13,1.5628808919665628e-10,0.8676774538393287,22.0,-0.9511317321916841,0.28218521551389303,1.0,1.4690307153501936
16,GAGAA,27.0,-4.30532810320064,6.6667604146264624e-12,6.813429143748245e-09,1.3552768243758935,27.0,-1.4196083146538665,0.023012398076019302,1.0,1.751015237015825
17,GGGAA,35.0,-4.259660392468175,1.205394759728387e-15,1.2319134444424117e-12,1.2788281257043603,35.0,-1.2153403217493286,0.018986453875579706,1.0,1.4648189866990369
18,CAATA,63.0,-4.241644519708311,8.372261093802856e-24,8.556450837866518e-21,1.4809272042791035,63.0,-0.9141376421750079,0.024915002055117427,1.0,1.0659969739019755
19,ATTAA,79.0,-4.231254928540041,2.842212391199657e-35,2.9047410638060497e-32,1.204809301844031,79.0,-1.299692880171574,1.1111810295563422e-07,0.00011356270122065817,1.0554596571489674
20,CACCA,87.0,-4.20363763965976,2.947344658213896e-36,3.012186240694602e-33,1.289278348728872,87.0,-0.45656709711568283,0.002608344725873266,1.0,0.4477823669085001
21,AGGGG,9.0,-4.190208832451441,0.003156965980059361,1.0,2.126221346020739,9.0,-1.6998338785757383,0.027296714942709164,1.0,1.2183843149093676
22,AAGGA,7.0,-4.172424681473191,0.0005369915745515263,0.5488053891916599,1.1579591525020043,7.0,-1.0508501021709826,0.08649328651591456,1.0,0.575445876735039
23,CGACT,27.0,-4.038048334949478,2.649482977222796e-11,2.7077716027216977e-08,1.317887737471519,27.0,-0.7738260382792783,0.4955258959118575,1.0,1.2657678903823504
24,CGGGC,125.0,-4.024173697148524,7.447925553956189e-37,7.611779916143225e-34,1.7086604804481542,125.0,-1.131302439347797,5.724407146478345e-06,0.005850344103700869,1.2400015796340993
25,ATCAG,102.0,-3.9510526990531925,1.2769614506428518e-36,1.3050546025569945e-33,1.3798668285164666,102.0,-0.7770758604032335,0.16945946662039396,1.0,1.2526614608870608
26,ATGAA,46.0,-3.9111867598367347,2.2463982879393533e-13,2.2958190502740191e-10,1.7638286813923634,46.0,-0.6093878643769315,0.9807854619475933,1.0,1.1067022529107782
27,TAGTT,13.0,-3.8901162577457424,0.0001501030227654363,0.1534052892662759,1.7561779128581148,13.0,-0.4984315180670288,0.6799349362915719,1.0,0.9125614127661699
28,GGGGT,22.0,-3.8521171756045773,9.797345906757748e-07,0.0010012887516706419,1.7983534052287378,22.0,-0.9322083658982023,0.0405049421290265,1.0,0.7020050358867927
29,TATAA,17.0,-3.845552588232093,4.873638341101734e-07,0.0004980858384605973,1.3293399288881098,17.0,-0.5557907023415751,0.5794579163458013,1.0,0.36185216259643593
30,CAATC,139.0,-3.8206563482254183,2.1137396184836717e-47,2.1602418900903126e-44,1.3697806080884902,139.0,-1.0412589588015535,4.04854537947361e-06,0.004137613377822029,1.0701828522655892
31,GGGGA,28.0,-3.727230542276509,4.488967526928536e-10,4.587724812520964e-07,1.3892301674656538,28.0,-0.9098331789745001,0.054503235358712356,1.0,0.8012929644366202
32,TGAAA,35.0,-3.7087293385573274,2.886555381205121e-10,2.950059599591634e-07,1.6622329023133642,35.0,-0.6618542511696107,0.707443456067615,1.0,0.8819336683274094
33,GATAG,57.0,-3.704888187108309,1.7716197447009755e-20,1.810595379084397e-17,1.2919752243917089,57.0,-1.2939497071332067,8.955145961344303e-05,0.09152159172493878,1.2310286564711674
34,AGGGC,59.0,-3.674942124165551,7.281882569069469e-22,7.442083985588997e-19,1.2317653773662398,59.0,-0.9887504212245377,0.015779412638412572,1.0,1.1838505927309253
35,GAAGG,60.0,-3.663238196132974,1.7280357810732985e-22,1.766052568256911e-19,1.2095549942145165,60.0,-0.7183849814702932,0.10514131363290434,1.0,0.5316242846414512
36,GTTGG,109.0,-3.5783561556364685,3.8561858888857655e-35,3.9410219784412524e-32,1.323980671367877,109.0,-0.6209651527687163,0.8266341462866499,1.0,0.7384508718080267
37,GATCG,82.0,-3.5264556212202796,1.1955170044082355e-33,1.2218183785052167e-30,1.0149925278529335,82.0,-0.7138217031693319,0.09078414195136972,1.0,0.5734013546780389
38,AGAGG,21.0,-3.5086119798457314,1.9598955085828174e-06,0.0020030132097716394,1.5733648580189286,21.0,-1.367786289767505,0.0779498611401419,1.0,1.880240005213906
39,GGGGG,16.0,-3.504182252330565,3.579872776808602e-07,0.0003658629977898391,1.0548829772407418,16.0,-1.4824651834525262,0.00010767746691002246,0.11004637118204295,0.6745898702995112
40,CCCCA,30.0,-3.483283170126342,4.9576539016708e-10,5.066722287507558e-07,1.345070326744134,30.0,-1.0412632392975587,0.1873207093547325,1.0,1.7676665043470454
41,GGACA,23.0,-3.425820758300587,3.025096807152193e-08,3.091648936909541e-05,1.258821731303086,23.0,-0.8434563772860071,0.21639173675634624,1.0,0.8968776264109637
42,AAGGT,32.0,-3.3853300956023964,7.987358439516471e-08,8.163080325185833e-05,1.740111115429399,32.0,-1.2619768600260157,0.002313699211953666,1.0,1.1187522790928817
43,GAATC,86.0,-3.3579375379152174,3.419730949508269e-24,3.494965030397451e-21,1.3807340793028555,86.0,-0.808430854086272,0.06592109617580073,1.0,1.0104838001416798
44,ATATA,25.0,-3.3558509412509134,2.3001851449465284e-08,2.350789218135352e-05,1.2987829705409117,25.0,-0.7763604001524053,0.5650323806824058,1.0,1.46476809573186
45,ATCCG,51.0,-3.3361252641870554,1.0048673242608114e-14,1.0269744053945493e-11,1.3810371619076836,51.0,-0.5237284189788903,0.3184539514678876,1.0,0.5790546622667702
46,CTGGA,123.0,-3.2575288456330598,7.946177078992812e-33,8.120992974730654e-30,1.3571412778169822,123.0,-0.6746453255057431,0.43660211333875953,1.0,0.9834178247540034
47,AGCCG,60.0,-3.212885186644933,1.2737669159195113e-13,1.3017897880697406e-10,1.5955713497601698,60.0,-0.9213078535261509,0.11025254947906336,1.0,1.5089729243167345
48,AGTTT,37.0,-3.1707707779539223,6.50322221942125e-14,6.646293108248517e-11,0.9964082622970437,37.0,-0.8283952690528931,0.06021590584331998,1.0,0.6989936070264293
49,ATACT,16.0,-3.1465171199346615,1.4426996275269765e-06,0.00147443901933257,0.9941098201297252,16.0,-0.605657746000109,0.9992276038749939,1.0,0.9009604765129827
50,AGGGA,10.0,-3.1280199368872292,0.002246173991198142,1.0,1.4151021960018495,10.0,-1.0334483397246352,0.0435638772368499,1.0,0.5768475978084187
51,CAAGG,38.0,-3.1044914428810735,4.355587321914771e-13,4.451410242996896e-10,1.0558717932750286,38.0,-0.7415782316046066,0.42995368343942864,1.0,1.051654641569012
52,GTCAA,69.0,-3.1037172287118,6.599637102606937e-17,6.74482911886429e-14,1.3950129642413607,69.0,-0.5154676237666993,0.22471781561513265,1.0,0.6099568368494156
53,GACCG,55.0,-3.0944944551770983,8.208137420954345e-16,8.38871644421534e-13,1.2193065075621379,55.0,-0.7490248637246871,0.11872461673201534,1.0,0.6716994044273674
54,ATGTG,47.0,-3.0840642473714417,2.0165625743892874e-11,2.0609269510258516e-08,1.4362818558744772,47.0,-0.872191255348471,0.04469990269535955,1.0,0.8861043544973515
55,ATCCA,51.0,-3.0446183327632115,1.760740664868623e-14,1.7994769594957327e-11,1.208034663597329,51.0,-0.6436032476785283,0.7177984627976899,1.0,0.7499404266729217
56,ACGTG,34.0,-3.0266418593106836,2.3076306015739827e-10,2.3583984748086103e-07,1.1614864616940062,34.0,-0.8309987390009093,0.0991661363253796,1.0,0.7751739568285615
57,GGCTT,71.0,-3.014433206803454,6.514160289146813e-14,6.657471815508043e-11,1.6016490884247538,71.0,-0.802593659276197,0.03830917826827985,1.0,0.7868109626027222
58,CGGTG,113.0,-2.9911075510567344,2.504478878316102e-34,2.559577413639056e-31,1.0486672200565328,113.0,-0.7184452217330644,0.111893959709587,1.0,0.7497119072304668
59,GATAT,91.0,-2.982895872576817,1.879605654213677e-23,1.920956978606378e-20,1.226466739406522,91.0,-1.2655090126812993,3.782875721570904e-05,0.038660989874454633,1.452352531607761
60,GGGTT,43.0,-2.9707357984952676,3.426360467859152e-08,3.501740398152053e-05,1.6833752164135682,43.0,-1.1542184766207046,0.030445424783164716,1.0,1.6065718781156835
61,AGACT,10.0,-2.9549108276605667,0.00016745338825687535,0.17113736279852662,0.8806403529744269,10.0,-0.8810113162768411,0.3435391149356275,1.0,0.8716408974232572
62,ATAAC,77.0,-2.916345599094632,7.766603956427029e-12,7.937469243468423e-09,1.8201789857140476,77.0,-0.8916924689251876,0.10787586263666732,1.0,1.5438757273618755
63,CAGAG,32.0,-2.894093890041773,3.432209180891575e-07,0.00035077177828711894,1.4502314937766414,32.0,-0.8887092068693816,0.03350228355445432,1.0,0.7202342809315363
64,CAGCC,189.0,-2.890816954044843,2.8353496548106815e-20,2.8977273472165164e-17,2.1834441959269357,189.0,-1.0276751806483422,3.7463303466611314e-05,0.03828749614287676,1.3744541186938084
65,TACTC,53.0,-2.8775738668931017,8.56971432145539e-21,8.758248036527409e-18,0.783270429724569,53.0,-0.54401459575048,0.39937217170589645,1.0,0.5262334480769189
66,GGCCG,47.0,-2.873804224863052,4.573139534345351e-09,4.673748604100949e-06,1.5552240359186877,47.0,-0.6030225811466523,0.9719500378479524,1.0,0.46799794638387254
67,AGCCA,76.0,-2.831145330321135,4.710768232658827e-13,4.814405133777321e-10,1.5871345604070455,76.0,-0.9397464909945094,0.06498629091652842,1.0,1.556158812354499
68,TAGGA,2.0,-2.824646681389005,0.46274312409467844,1.0,1.9923305191939047,2.0,-1.0159191087360961,0.7015105608356684,1.0,1.1460307770801519
69,CATAG,38.0,-2.8227811018696287,7.55738742766291e-11,7.723649951071494e-08,1.0842262513404453,38.0,-0.7397846341647568,0.31798212635237105,1.0,0.8181399352952698
70,ATGGA,55.0,-2.798164640522134,3.1303001270517708e-15,3.1991667298469097e-12,1.0613576950773946,55.0,-0.9945460298284402,0.00038165483517748293,0.39005124155138754,0.761458598252681
71,GGTCA,85.0,-2.790976052737192,5.360958630621585e-21,5.47889972049526e-18,1.1372860133940925,85.0,-0.8343345749947262,0.10058219630482848,1.0,1.271057198398122
72,TTGGA,11.0,-2.7837553027042015,0.005352137756338907,1.0,1.4456635904087094,11.0,-1.436488598594785,0.10762795877461111,1.0,1.5596312210709877
73,AAATA,32.0,-2.7592148342269964,1.6594666876946817e-07,0.00016959749548239647,1.280468150298139,32.0,-0.8000534071523591,0.3513506032131831,1.0,1.1634863662589279
74,TATGT,39.0,-2.7479170697052027,4.548246130636172e-08,4.6483075455101675e-05,1.3837684422857643,39.0,-0.44939989115090867,0.35571520803363055,1.0,1.0422378118355902
75,TCCCA,37.0,-2.7320267430321037,6.634935082338087e-10,6.780903654149524e-07,1.0904984157174276,37.0,-0.4797988934554658,0.03391076427953392,1.0,0.3465499851360121
76,AACCA,74.0,-2.7292922257009398,2.5630691467210945e-16,2.6194566679489585e-13,1.2148702041692856,74.0,-0.5770340542486171,0.7950412205937427,1.0,0.9371031779249533
77,GGGGC,84.0,-2.7268634268037872,1.2413618041597391e-12,1.2686717638512534e-09,1.6293818942348741,84.0,-1.120812177667462,0.0009083214174248677,0.9283044886082148,1.3725177032498856
78,ATCTC,52.0,-2.711376141560135,5.546413484935723e-08,5.6684345816043087e-05,1.6673352480641597,52.0,-0.8325282827402167,0.20668940279113635,1.0,1.2803732451270813
79,TGCTA,31.0,-2.706685391029485,0.00026930676059202385,0.27523150932504836,1.9782109120830031,31.0,-0.4122489641952518,0.018227688670690172,1.0,0.4307050834244909
80,AATAG,26.0,-2.6885922038023784,4.019320565714079e-09,4.107745618159789e-06,0.8397256289589554,26.0,-0.5089997954755962,0.2406262208535097,1.0,0.409093577311733
81,GGATT,59.0,-2.6706020810985573,9.07641691891847e-10,9.276098091134676e-07,1.5041607762073417,59.0,-0.6069631968628104,0.984309247502559,1.0,0.5938893574080368
82,AAAGT,62.0,-2.6692789945368287,3.145797978784105e-12,3.2150055343173557e-09,1.297905926338886,62.0,-0.7311720626455057,0.20518476441831127,1.0,0.7731159872695414
83,AGGAG,12.0,-2.6478222477186213,0.012818201196673745,1.0,1.6432133855646278,12.0,-1.5819726418267424,0.01595336486810904,1.0,1.1892565648724245
84,CAACG,81.0,-2.6447473522274807,8.646194481445602e-11,8.836410760037406e-08,1.6912180071990965,81.0,-0.9593538217309717,0.027705678413464302,1.0,1.4204899316402917
85,CAGGA,58.0,-2.632766681250536,6.101409292579045e-12,6.235640297015784e-09,1.2277916843705763,58.0,-0.9087633242248097,0.006421190605974263,1.0,0.8163440867232349
86,CATTG,106.0,-2.630665173133371,9.577973542181209e-20,9.788688960109195e-17,1.2720167398763267,106.0,-0.47531504463785884,0.007576323289237383,1.0,0.4919791867402371
87,AAGGG,16.0,-2.623913582658147,0.0004039378074032507,0.4128244391661222,1.223311344074542,16.0,-1.193079866403272,0.007712225619894557,1.0,0.7646006324177398
88,AGAGT,35.0,-2.6232416014302684,2.022500376278774e-05,0.02066995384556907,1.6541975999114096,35.0,-1.1404312549322004,0.037629958429626915,1.0,1.4630082662587187
89,TAAGG,20.0,-2.619574104712629,4.316037203812935e-05,0.04410990022296819,1.169143433701448,20.0,-0.5830971438812058,0.918500271861195,1.0,0.9634526086000395
90,GTTAA,102.0,-2.608744231823032,2.795448892559478e-13,2.856948768195787e-10,1.6433119542978205,102.0,-1.0881262671260252,0.0030740876135701084,1.0,1.607091717785314
91,CCGAA,59.0,-2.6086771382462803,4.6822817614294766e-14,4.785291960180925e-11,1.062686005632109,59.0,-0.3627955025940619,1.768846571734443e-10,1.8077611963126008e-07,0.24124761270389852
92,GAAGT,71.0,-2.602998916947316,2.647483781723109e-09,2.7057284249210174e-06,1.6832175082351397,71.0,-0.9991256293393485,0.040173788666686444,1.0,1.5865767774562958
93,AGTGG,74.0,-2.597889143472854,1.224926301025215e-10,1.2518746796477698e-07,1.5570949475954128,74.0,-0.3348075609583365,0.007825429158180342,1.0,0.8512066722859452
94,GACAG,32.0,-2.587139194075525,6.606998303973859e-07,0.0006752352266661284,1.225092021852139,32.0,-0.9080626154731366,0.10827472187753508,1.0,1.0351825168943174
95,ATAGG,15.0,-2.5765929330160717,0.028035904243243474,1.0,2.1119810233884992,15.0,-0.3367483218550379,0.14185515518836034,1.0,0.668482829941506
96,GGCCA,41.0,-2.56161188872661,2.950461460432202e-06,0.0030153716125617103,1.5568964606137061,41.0,-0.9692014952666405,0.015658705035077426,1.0,0.9226744033530354
97,GTGAG,30.0,-2.5446550757346214,1.7794310984762318e-05,0.01818578582642709,1.3930941348256705,30.0,-1.1787589287828888,0.010197835259729518,1.0,1.1426212871025203
98,CCCTC,24.0,-2.5435470832010947,1.8151038345179403e-09,1.855036118877335e-06,0.6685552837398376,24.0,-0.4436933876277506,0.004999648551156299,1.0,0.2552729181174948
99,TCAGT,55.0,-2.535546411930533,7.128955709735406e-06,0.007285792735349585,1.9324776597989304,55.0,-1.2171590727352346,0.029304904725139767,1.0,2.0262941505265264
100,CAACC,123.0,-2.5083670432460896,1.6495988631920088e-11,1.685890038182233e-08,1.8928167936418452,123.0,-1.3469601362127006,4.968395196150774e-06,0.005077699890466091,1.7209062363656231
101,CTCCA,21.0,-2.4931590203520555,0.004083831618386788,1.0,1.7705824214592967,21.0,-0.9805807505571649,0.41246657348775606,1.0,2.053845678642725
102,TTTAA,63.0,-2.4869742222412325,1.0976188961590824e-09,1.1217665118745822e-06,1.3801256116983267,63.0,-0.6246913872489851,0.8135581326336315,1.0,0.6452947023067056
103,AGATT,17.0,-2.464841129828708,1.0469582325130864e-05,0.010699913136283743,0.8006227470126293,17.0,-0.7727199436544511,0.1349032123745501,1.0,0.4380230822725559
104,ATATC,103.0,-2.4590184155845094,1.2607561028252587e-16,1.2884927370874144e-13,1.2503793607743714,103.0,-0.7235104187713832,0.19777304469832271,1.0,0.91564556528583
105,AACTC,68.0,-2.4503102531901066,1.7713916098939673e-14,1.8103622253116344e-11,1.0232379799501339,68.0,-0.5035513728561204,0.2465376056525556,1.0,0.7186890049935779
106,GAGAT,48.0,-2.4481335389899517,1.2561534011848075e-05,0.012837887760108732,1.7141173270079961,48.0,-1.3256407244880497,0.0047435644394770845,1.0,1.6829088263671093
107,CTCTC,68.0,-2.4453230462388085,2.3643327822772186e-13,2.4163481034873174e-10,1.089756969260815,68.0,-0.5914870492054133,0.8860069565059641,1.0,0.7993177131146275
108,ATAGT,24.0,-2.4262864840852525,0.00022453822370872533,0.22947806463031728,1.3296849699596718,24.0,-1.032577727207507,0.014928394740241033,1.0,0.7952941674429951
109,GTGGA,58.0,-2.420295639058631,1.2870996022154554e-08,1.3154157934641954e-05,1.3576416782658411,58.0,-0.888260541809376,0.03288771791392553,1.0,0.9415520306822942
110,GAGAG,19.0,-2.416977153165024,0.026616798826317883,1.0,2.1238127527195405,19.0,-1.4262468269370454,0.0991974786885038,1.0,2.0579942592695413
111,GGTAG,77.0,-2.4148396478795524,2.48418193412455e-12,2.53883393667529e-09,1.2359568718064475,77.0,-1.0061928483232703,8.411504406311291e-06,0.008596557503250139,0.735839577538926
112,ACCTC,35.0,-2.393765953143458,1.528008190859493e-08,1.561624371058402e-05,0.9257977722591743,35.0,-0.43145222266868377,0.04332644541919797,1.0,0.49040041214147084
113,GGGTC,52.0,-2.3518459593293,0.00044087844155875393,0.4505777672730465,2.132245047198102,52.0,-1.3558960053346676,0.0009670422588274104,0.9883171885216134,1.5449166190310648
114,TCCAG,92.0,-2.348569608905148,4.751970813001039e-08,4.856514170887062e-05,1.7837558488436729,92.0,-0.609872268391402,0.9505496558391279,1.0,0.684230771134583
115,CTATA,13.0,-2.3469840157244657,0.0022306352195264525,1.0,1.0310557540485992,13.0,-0.35406367215973095,0.006637988118084898,1.0,0.27672049756676526
116,TAGGG,6.0,-2.346203768345718,0.1674800123578041,1.0,1.6782290925059642,6.0,-1.1695450077968095,0.06544908531863043,1.0,0.5876498548742413
117,TGATC,92.0,-2.3388563623303216,7.431471544085402e-10,7.594963918055282e-07,1.5314225692720143,92.0,-0.9654680730089629,0.015670965386475832,1.0,1.4022340001663431
118,TCGAA,41.0,-2.3344655018640794,9.677630649531658e-09,9.890538523821355e-06,0.9719612943260956,41.0,-0.5101024050355315,0.22972385092754538,1.0,0.5004804180777577
119,TCGGA,17.0,-2.326237612547734,0.00011707778649691073,0.11965349779984277,0.8855288076542934,17.0,-0.6268553459869948,0.8179231677959279,1.0,0.3773478606075719
120,GTGAA,88.0,-2.3224078502332235,2.0246545855512424e-13,2.0691969864333697e-10,1.1691886229046848,88.0,-0.6116451908515783,0.9381199760156075,1.0,0.7481206011580323
121,CTGAA,101.0,-2.3170601236750965,2.4177131010330235e-17,2.47090278925575e-14,1.0525220774752078,101.0,-0.49900022438662855,0.12790100079970895,1.0,0.6967758733116659
122,CGGGA,43.0,-2.3064323830034286,0.0001681966208726618,0.17189694653186036,1.6919950705542308,43.0,-1.2147423616789383,0.018164292315516965,1.0,1.6252811058453813
123,TTGAA,43.0,-2.297119341498185,0.0001716362729610264,0.17541227096616896,1.6798787673119233,43.0,-0.7187656022308383,0.6000767938896134,1.0,1.4067046090241175
124,TCCTC,31.0,-2.2939219161737623,2.5740445052771705e-07,0.00026306734843932684,0.8874051458012339,31.0,-0.42716057812683317,0.011837671913413915,1.0,0.37035955123237596
125,TGGGG,24.0,-2.2902838248796704,0.002282149697889558,1.0,1.4990758722701683,24.0,-0.8572246670228614,0.15091667514441626,1.0,0.8302086730757574
126,TATCC,89.0,-2.2648267760634795,6.3960846439088465e-12,6.536798506074841e-09,1.2183778165521235,89.0,-0.7558598012051315,0.12041765133673203,1.0,0.904905260987328
127,ATGGC,163.0,-2.264373865669428,1.080794363415682e-14,1.104571839410827e-11,1.5351458076580418,163.0,-0.8464641771704712,0.003609575692005179,1.0,1.0418881976492422
128,TGGTG,113.0,-2.252022235838202,2.4808651165436293e-15,2.535444149107589e-12,1.170394904494489,113.0,-0.7355824366983392,0.11630270677828237,1.0,0.874106541156851
129,GGATA,63.0,-2.2480082988737755,0.0003990351965995127,0.407813970924702,2.1360001796390073,63.0,-1.103029706185319,0.02618808109545967,1.0,1.7338074470757159
130,ACCTG,85.0,-2.243823739683221,6.07050269041536e-11,6.204053749604497e-08,1.2336698204573338,85.0,-0.8155456826597494,0.07731060202566369,1.0,1.0831315413720162
