3G LV-SWP 320-850,,,,,,,,,,,,,,,,,,,,,,,,
,,,,,,,,,,,,,,,,,,,,,,,,
Series name: ,Filter @ 5 mm,,Filter @ 6.76 mm,,Filter @ 9.66 mm,,Filter @ 12.57 mm,,Filter @ 18.38 mm,,Filter @ 24.19 mm,,Filter @ 30 mm,,Filter @ 35.81 mm,,Filter @ 41.62 mm,,Filter @ 47.43 mm,,Filter @ 53.24 mm,,Filter @ 58 mm,
Quantity (unit): ,Wavelength (nm),Transmission (%),Wavelength (nm),Transmission (%),Wavelength (nm),Transmission (%),Wavelength (nm),Transmission (%),Wavelength (nm),Transmission (%),Wavelength (nm),Transmission (%),Wavelength (nm),Transmission (%),Wavelength (nm),Transmission (%),Wavelength (nm),Transmission (%),Wavelength (nm),Transmission (%),Wavelength (nm),Transmission (%),Wavelength (nm),Transmission (%)
,280,-0.002674,280,0.000326,280,-0.000326,320,46.296327,350,48.94752,380,48.010035,410,62.258024,440,69.545519,470,77.660319,500,94.921665,520,61.388722,534,69.906578
,281,0.002867,281,0.007689,281,0.006777,321,35.273519,351,41.95197,381,56.202654,411,72.413424,441,80.103326,471,86.656246,501,95.85031,521,66.720003,535,79.794193
,282,0.008589,282,-0.004359,282,-0.00501,322,32.557513,352,40.410425,382,68.379723,412,82.310969,442,87.976238,472,92.227559,502,96.196566,522,75.301385,536,89.556908
,283,0.016332,283,0.004229,283,-0.002798,323,37.441312,353,47.445229,383,79.271635,413,88.407818,443,90.527912,473,94.650037,503,96.728262,523,84.546998,537,95.742475
,284,0.03754,284,0.027018,284,0.007858,324,38.555435,354,60.670468,384,84.959969,414,90.999496,444,88.945818,474,95.338512,504,96.981909,524,91.939909,538,97.276401
,285,0.069685,285,0.04451,285,-0.002335,325,33.989926,355,72.85908,385,86.062976,415,91.771788,445,86.599168,475,95.310044,505,96.436446,525,95.834409,539,96.639042
,286,0.143482,286,0.106331,286,0.005511,326,32.864202,356,79.237617,386,85.593334,416,92.387504,446,84.893579,476,95.072597,506,95.101692,526,96.892302,540,95.766497
,287,0.272956,287,0.23176,287,0.018525,327,40.451265,357,80.638633,387,84.94268,417,92.942678,447,83.850653,477,94.588145,507,93.499618,527,96.96028,541,96.174186
,288,0.538818,288,0.430937,288,0.053519,328,53.987764,358,79.714177,388,84.414126,418,92.823183,448,82.911597,478,93.974474,508,92.283451,528,96.492276,542,97.266545
,289,0.887956,289,0.676079,289,0.152106,329,65.925939,359,78.481559,389,85.095429,419,92.277313,449,81.737984,479,93.271918,509,91.629769,529,95.768056,543,97.839523
,290,1.353699,290,1.046251,290,0.298357,330,71.315609,360,77.927915,390,86.46934,420,91.564802,450,80.60759,480,92.549863,510,91.583258,530,95.044789,544,97.132966
,291,2.046615,291,1.632282,291,0.402613,331,72.450012,361,77.992529,391,87.627399,421,90.840563,451,79.886651,481,91.956044,511,92.064154,531,95.116219,545,95.708716
,292,2.914384,292,2.046736,292,0.637153,332,72.942025,362,78.495008,392,88.59312,422,90.352931,452,79.793443,482,91.463126,512,92.851112,532,95.712322,546,94.686306
,293,4.218105,293,2.528382,293,1.653862,333,73.570241,363,80.000761,393,88.936803,423,91.016252,453,80.930882,483,91.346234,513,93.992971,533,96.50541,547,94.718731
,294,6.733708,294,4.239628,294,3.415484,334,73.457233,364,82.270929,394,88.460565,424,91.795506,454,83.170505,484,92.128385,514,95.395872,534,97.235124,548,95.409233
,295,10.555731,295,6.614129,295,4.782683,335,72.209976,365,83.817928,395,87.388278,425,92.113057,455,85.841877,485,93.794006,515,96.39116,535,97.400194,549,96.111716
,296,14.612819,296,7.603211,296,6.185393,336,71.684167,366,83.850971,396,85.782593,426,91.842614,456,88.100137,486,95.363846,516,96.525063,536,97.164197,550,96.469777
,297,18.339272,297,8.466196,297,9.11591,337,72.204157,367,83.168564,397,84.869236,427,91.385643,457,89.633549,487,96.132123,517,95.984031,537,97.151656,551,96.671018
,298,21.908934,298,10.947245,298,12.869596,338,72.567915,368,83.598906,398,84.567417,428,91.189434,458,90.501455,488,96.362114,518,95.002868,538,97.233562,552,96.847383
,299,25.198774,299,12.755633,299,14.126478,339,72.862798,369,84.247555,399,84.945467,429,91.336581,459,91.201575,489,96.584111,519,93.947178,539,97.615023,553,97.354143
,300,28.214094,300,13.99674,300,12.124233,340,74.321339,370,83.865626,400,85.418855,430,91.227217,460,92.0832,490,96.801527,520,93.349725,540,97.16538,554,97.991193
,301,30.769581,301,18.687483,301,13.873806,341,75.828151,371,82.70399,401,86.100993,431,90.126938,461,92.800987,491,96.859552,521,92.803412,541,96.324943,555,98.278866
,302,32.639703,302,27.164152,302,18.482366,342,75.726517,372,82.324971,402,87.235342,432,89.228704,462,92.976645,492,96.05739,522,92.080132,542,95.129839,556,97.683908
,303,34.471159,303,35.365692,303,17.032753,343,74.816021,373,83.332756,403,89.051617,433,89.511637,463,92.528398,493,94.055141,523,91.169851,543,93.957203,557,96.204918
,304,36.734602,304,40.647933,304,13.139173,344,74.009519,374,83.741842,404,90.577574,434,90.780756,464,91.499158,494,91.272504,524,90.292131,544,93.193853,558,94.381046
,305,38.941164,305,44.400835,305,18.05532,345,74.432962,375,83.144926,405,91.084929,435,92.398435,465,90.641283,495,88.536835,525,89.689107,545,93.30387,559,93.044013
,306,40.787827,306,47.575209,306,27.878374,346,74.670616,376,82.768875,406,90.725334,436,93.391234,466,90.486218,496,87.016241,526,90.053571,546,93.909358,560,92.574509
,307,42.182517,307,49.863425,307,29.680286,347,74.90126,377,83.490709,407,90.206037,437,93.159463,467,90.946233,497,86.950562,527,91.799591,547,94.625354,561,92.634061
,308,42.40714,308,51.584208,308,23.898145,348,75.340114,378,84.88644,408,90.374984,438,92.0982,468,91.466527,498,87.535776,528,93.923965,548,95.203704,562,92.855836
,309,41.512142,309,52.967148,309,24.096244,349,75.836924,379,86.074322,409,90.664744,439,91.24521,469,91.705206,499,87.957031,529,95.687886,549,95.096875,563,92.986269
,310,40.904258,310,53.824016,310,28.843491,350,75.545128,380,85.399513,410,90.46755,440,91.098462,470,91.784065,500,87.605132,530,96.741776,550,94.848651,564,92.875537
,311,40.668948,311,54.563172,311,29.368494,351,74.886322,381,85.080702,411,89.421124,441,91.445124,471,91.474078,501,86.556431,531,97.066115,551,94.819784,565,92.787739
,312,39.306388,312,55.725324,312,27.073185,352,75.518008,382,84.506561,412,88.660997,442,91.361198,472,91.250413,502,85.635768,532,96.980926,552,94.878035,566,93.710732
,313,36.001477,313,56.458258,313,30.929103,353,76.998156,383,84.825478,413,88.09051,443,90.588673,473,91.591402,503,85.608111,533,97.219141,553,95.17384,567,95.258507
,314,31.233949,314,56.470171,314,42.083246,354,78.03758,384,85.062891,414,88.568125,444,90.00157,474,91.964313,504,86.638941,534,97.608642,554,95.326783,568,96.913339
,315,25.419237,315,57.459736,315,53.943638,355,78.222891,385,84.620485,415,89.049583,445,90.278359,475,92.261198,505,88.450948,535,97.441043,555,95.340871,569,97.9511
,316,18.525115,316,58.980298,316,60.47603,356,78.687307,386,84.222763,416,89.299201,446,91.622373,476,92.556579,506,90.337985,536,96.284429,556,95.059913,570,97.506947
,317,11.465242,317,59.75384,317,62.107242,357,79.034902,387,85.11715,417,89.535929,447,93.327693,477,92.675427,507,91.851957,537,93.918088,557,94.586875,571,96.113118
,318,5.671076,318,60.286441,318,62.820993,358,78.637144,388,86.275345,418,90.313336,448,94.377121,478,92.732528,508,92.788092,538,90.510371,558,94.204596,572,94.339168
,319,2.238467,319,63.555395,319,67.366826,359,77.46166,389,86.569974,419,91.421835,449,94.247289,479,92.942151,509,93.1882,539,87.314252,559,93.49877,573,93.412158
,320,0.706248,320,61.306732,320,65.650133,360,76.961745,390,86.388302,420,92.416526,450,93.512783,480,93.171936,510,93.543345,540,84.729559,560,93.125661,574,93.259369
,321,0.245075,321,60.283036,321,66.843918,361,77.380448,391,86.498417,421,92.732227,451,93.003059,481,93.318268,511,94.255155,541,83.514511,561,92.757349,575,93.447208
,322,0.098932,322,59.623907,322,68.190972,362,78.64105,392,87.41101,422,92.051843,452,93.190752,482,93.244716,512,95.04686,542,83.24266,562,93.021531,576,93.948799
,323,0.021557,323,60.263388,323,68.799281,363,79.339418,393,88.419549,423,91.412516,453,93.871783,483,92.869284,513,95.765861,543,83.11339,563,93.500317,577,93.694732
,324,0.006334,324,60.83798,324,67.586964,364,78.958314,394,88.914379,424,90.952521,454,94.380682,484,92.347809,514,96.209114,544,82.598993,564,94.004664,578,93.021769
,325,0.010288,325,61.452509,325,67.009646,365,78.210607,395,88.547592,425,90.574513,455,94.515774,485,92.106621,515,96.071755,545,81.39575,565,94.728216,579,92.223478
,326,-0.005114,326,62.252577,326,67.380534,366,78.345045,396,87.886875,426,90.210334,456,94.14488,486,92.31652,516,95.588626,546,80.069296,566,95.289381,580,91.890333
,327,0.005115,327,62.804633,327,67.445034,367,79.250161,397,88.263998,427,89.904636,457,93.8191,487,92.766214,517,94.950535,547,79.027357,567,95.917015,581,92.428229
,328,-0.002454,328,62.086644,328,67.237558,368,78.911518,398,88.546126,428,89.767205,458,93.744626,488,93.419294,518,94.412498,548,78.859056,568,96.268733,582,93.981614
,329,-0.003829,329,60.692587,329,67.798935,369,77.633225,399,88.263275,429,89.998202,459,93.7858,489,94.051504,519,94.014475,549,79.682436,569,97.056704,583,96.019791
,330,-0.00041,330,58.993174,330,68.808831,370,76.644782,400,87.340054,430,90.617224,460,93.488553,490,94.190952,520,93.903282,550,81.425046,570,97.718179,584,97.618712
,331,0.00512,331,57.334855,331,69.834949,371,77.721208,401,85.984808,431,91.209936,461,92.529573,491,94.074609,521,93.906638,551,83.759507,571,98.179023,585,98.282736
,332,-0.001296,332,55.750755,332,70.755777,372,79.676132,402,85.410575,432,91.718424,462,91.303201,492,93.896061,522,93.973002,552,86.200881,572,98.092887,586,98.221994
,333,-0.003819,333,53.714506,333,71.460078,373,80.476358,403,86.294455,433,91.564991,463,90.512194,493,93.497624,523,94.083996,553,88.618652,573,97.578209,587,97.607215
,334,0.005056,334,51.19991,334,71.485443,374,79.546487,404,87.945272,434,91.012255,464,90.603459,494,93.123381,524,94.382943,554,90.44905,574,96.007404,588,96.952169
,335,-0.009749,335,48.020491,335,70.925984,375,77.134274,405,89.255054,435,90.886361,465,91.413732,495,92.869899,525,94.477498,555,91.927836,575,93.804362,589,96.370904
,336,0.002521,336,44.805126,336,70.129824,376,76.320124,406,89.404496,436,91.552574,466,92.536172,496,92.594216,526,94.355558,556,93.130096,576,91.635342,590,96.024278
,337,0.001979,337,40.897686,337,69.986731,377,77.643766,407,88.268715,437,92.430798,467,93.382391,497,92.284004,527,94.267607,557,94.023916,577,89.81338,591,95.411588
,338,-0.001229,338,34.668385,338,70.225325,378,80.133537,408,87.595589,438,93.308466,468,93.531795,498,91.957836,528,94.036747,558,94.605978,578,88.867034,592,94.381231
,339,0.004516,339,26.1068,339,70.598217,379,81.665639,409,87.967774,439,93.73969,469,93.363708,499,91.673909,529,93.723222,559,94.856942,579,88.732134,593,92.399737
,340,-0.002804,340,16.651232,340,71.300501,380,81.531434,410,88.7607,440,93.481698,470,93.474986,500,91.427826,530,93.684732,560,95.139547,580,88.697877,594,90.490724
,341,0.002327,341,8.622673,341,72.146702,381,81.494206,411,89.197257,441,93.127055,471,93.718268,501,91.184109,531,93.858555,561,94.845246,581,88.871032,595,88.654133
,342,-0.007368,342,3.605004,342,72.105888,382,81.43551,412,88.90812,442,92.713569,472,94.248846,502,90.996434,532,94.065731,562,94.703529,582,88.859881,596,87.486007
,343,-0.001773,343,1.411868,343,71.841677,383,81.38981,413,87.597402,443,92.414844,473,94.844312,503,90.955935,533,94.202369,563,94.2777,583,88.553509,597,87.10125
,344,0.002861,344,0.544703,344,71.831796,384,80.012813,414,86.912691,444,92.161831,474,94.773442,504,91.013945,534,94.085836,564,93.80256,584,88.19,598,87.35468
,345,0.003824,345,0.189405,345,72.656392,385,77.43106,415,87.452731,445,91.929521,475,94.032413,505,91.265229,535,93.751767,565,93.254916,585,87.726661,599,88.050661
,346,0.005391,346,0.066886,346,72.585656,386,75.928996,416,88.837039,446,91.869251,476,93.252326,506,91.661663,536,93.428918,566,92.730638,586,87.693192,600,88.41504
,347,-0.005397,347,0.010043,347,71.853229,387,76.909961,417,89.720874,447,92.182479,477,92.719094,507,92.398166,537,93.134228,567,92.137988,587,88.172021,601,88.103256
,348,0.007307,348,0.010381,348,71.311804,388,78.323778,418,89.403853,448,92.765677,478,92.596348,508,93.442649,538,93.053261,568,91.763125,588,89.011353,602,87.370265
,349,0.008467,349,0.007306,349,71.737153,389,77.43546,419,88.422262,449,93.314775,479,92.89056,509,94.450638,539,93.1607,569,91.682041,589,89.795226,603,86.231236
,350,-0.004159,350,0.000409,350,72.246024,390,73.323229,420,87.132098,450,93.879769,480,93.31747,510,95.369944,540,93.161453,570,91.532689,590,90.814308,604,85.574185
,351,-0.000477,351,0.003068,351,71.558128,391,68.230867,421,87.04728,451,94.004155,481,93.563188,511,96.043505,541,93.554689,571,91.781369,591,92.096899,605,85.393588
,352,0.007702,352,0.011383,352,69.8479,392,65.783534,422,87.992708,452,93.63024,482,93.409535,512,96.1126,542,94.259454,572,92.003921,592,93.319066,606,86.286833
,353,-0.010508,353,-0.009007,353,69.071785,393,66.64531,423,89.437718,453,93.424455,483,93.028817,513,95.940001,543,94.993002,573,92.629163,593,94.545288,607,87.736298
,354,0.006955,354,0.00525,354,70.287474,394,69.599262,424,90.163305,454,93.73899,484,92.842895,514,95.600904,544,95.578431,574,93.141807,594,95.467772,608,89.851721
,355,0.010542,355,0.005577,355,72.364857,395,71.54712,425,89.906333,455,94.218982,485,93.236138,515,94.894513,545,95.876906,575,93.595666,595,96.019811,609,92.199681
,356,-0.006869,356,-0.001292,356,74.083155,396,69.333639,426,89.292551,456,94.274529,486,93.978157,516,94.009956,546,95.795048,576,94.125133,596,96.424442,610,94.081115
,357,0.004015,357,0.003267,357,74.156666,397,60.200032,427,89.09524,457,93.617768,487,94.779774,517,93.227589,547,95.256325,577,94.536471,597,96.011334,611,95.090993
,358,0.001223,358,0.001223,358,73.416259,398,44.877166,428,89.478294,458,92.508706,488,95.712691,518,92.368697,548,94.506514,578,94.85012,598,95.501116,612,95.536066
,359,-0.010823,359,-0.007011,359,72.79859,399,28.790351,429,89.549114,459,91.328542,489,96.414794,519,91.450492,549,93.701904,579,94.887388,599,95.092394,613,95.266948
,360,0.005581,360,0.007011,360,71.792662,400,16.569341,430,88.641958,460,90.652457,490,96.44186,520,90.703787,550,93.27728,580,94.804435,600,94.710226,614,94.658282
,361,0.002452,361,0.000681,361,69.795982,401,8.690959,431,86.610334,461,90.769526,491,96.357788,521,90.038694,551,93.353642,581,94.307631,601,94.899197,615,93.911523
,362,-0.008646,362,-0.002246,362,67.980639,402,3.893002,432,84.632944,462,91.489838,492,96.487069,522,89.853654,552,93.47435,582,93.922359,602,95.364348,616,94.056819
,363,0.004079,363,0.003535,363,67.761291,403,1.40462,433,84.218787,463,92.322278,493,96.595534,523,90.172313,553,93.657824,583,93.777101,603,95.815238,617,94.688801
,364,0.005718,364,0.009054,364,68.599399,404,0.432054,434,85.429268,464,92.595423,494,96.411528,524,91.068236,554,93.508732,584,93.85739,604,96.308545,618,95.866953
,365,-0.011727,365,-0.011318,365,68.023678,405,0.129625,435,87.443063,465,91.933111,495,95.699376,525,92.387891,555,93.221219,585,94.027674,605,96.156377,619,96.792483
,366,0.003469,366,-0.00136,366,64.827798,406,0.046698,436,88.055544,466,90.93288,496,94.571321,526,93.819014,556,92.755973,586,94.335744,606,95.900945,620,97.433886
,367,0.00238,367,0.000952,367,61.296676,407,0.016231,437,85.568708,467,90.420331,497,93.348954,527,95.300902,557,92.21235,587,94.569375,607,95.132049,621,97.710981
,368,-0.007278,368,-0.007959,368,59.813541,408,0.019286,438,81.106707,468,90.791505,498,92.455686,528,96.402642,558,91.94247,588,94.427066,608,94.734274,622,97.006592
,369,-0.00436,369,-6.80E-05,369,60.608703,409,0.00356,439,77.112448,469,92.078998,499,92.172663,529,97.036771,559,91.969043,589,94.179953,609,94.578135,623,95.956614
,370,-0.004212,370,-0.002717,370,60.880121,410,-0.002838,440,75.699819,470,93.81348,500,92.446454,530,97.035255,560,92.906449,590,93.935376,610,94.694638,624,94.931143
,371,-0.002512,371,-0.003937,371,57.377154,411,0.006068,441,77.296652,471,94.801758,501,93.228216,531,96.684615,561,93.705371,591,93.762657,611,94.878568,625,94.131896
,372,-0.005222,372,-0.00529,372,47.815921,412,0.004553,442,80.888016,472,94.904099,502,94.183912,532,96.09282,562,95.027247,592,94.026672,612,95.28563,626,93.579688
,373,0.00251,373,0.005089,373,33.964831,413,0.001316,443,84.224832,473,94.502571,503,94.917996,533,95.515577,563,95.811758,593,94.296337,613,95.320449,627,94.051263
,374,0.003808,374,0.006392,374,20.280633,414,0.003427,444,85.706768,474,93.960552,504,95.270691,534,94.805738,564,96.304468,594,95.11131,614,95.115186,628,94.762887
,375,-0.001697,375,-0.010389,375,10.634602,415,0.00191,445,83.883491,475,93.822866,505,95.290875,535,94.010653,565,96.140057,595,95.441089,615,94.688344,629,95.54646
,376,0.010906,376,0.013954,376,5.199481,416,0.000856,446,76.939218,476,94.185323,506,95.247554,536,93.3962,566,96.002254,596,95.727282,616,94.154796,630,95.711893
,377,0.004337,377,0.012672,377,2.256007,417,0.000527,447,64.747175,477,94.087847,507,95.468335,537,93.172654,567,95.966952,597,95.46486,617,94.183372,631,95.537269
,378,-0.014236,378,-0.013966,378,0.799189,418,-0.002636,448,49.965614,478,92.745638,508,95.784683,538,93.067068,568,96.130589,598,94.953973,618,94.170462,632,94.635976
,379,0.006151,379,0.00582,379,0.235325,419,0.005402,449,35.303032,479,90.534274,509,96.057072,539,93.190111,569,96.397495,599,94.294044,619,94.313407,633,93.580852
,380,-0.005674,380,-0.004157,380,0.060378,420,0.002701,450,22.241669,480,88.397025,510,96.043431,540,93.166746,570,96.381937,600,93.875923,620,94.619855,634,92.663339
,381,0.002977,381,0.006352,381,0.026667,421,-0.000791,451,11.802686,481,87.261789,511,95.471817,541,93.394118,571,96.364418,601,93.819115,621,94.819446,635,92.440658
,382,-0.003105,382,0.000132,382,0.006211,422,0.003422,452,4.960346,482,87.896178,512,94.333126,542,93.626941,572,95.972561,602,93.99097,622,94.889955,636,92.877603
,383,-0.010317,383,-0.004365,383,0.001521,423,0.000988,453,1.696121,483,90.056422,513,93.148304,543,93.671599,573,95.51966,603,94.279497,623,94.774143,637,93.893329
,384,0.005295,384,0.006287,384,0.007346,424,0.001449,454,0.559532,484,92.245245,514,92.362553,544,93.680192,574,94.784661,604,94.818594,624,94.662414,638,94.791697
,385,0.004037,385,0.002316,385,0.004169,425,-0.003752,455,0.207721,485,92.675499,515,92.210385,545,93.544768,575,94.145881,605,94.840385,625,94.766363,639,95.626644
,386,-0.008065,386,-0.007668,386,-0.003702,426,0.002698,456,0.087554,486,90.351666,516,92.667075,546,93.466598,576,93.916176,606,94.13015,626,94.97873,640,96.179861
,387,0.005292,387,0.005888,387,0.003903,427,0.005661,457,0.042368,487,85.987409,517,93.59906,547,93.721896,577,93.54734,607,93.185369,627,95.462795,641,96.118149
,388,0.000926,388,0.002183,388,0.007079,428,-0.005334,458,0.023249,488,81.715764,518,94.685834,548,94.137119,578,93.485245,608,92.370896,628,95.887352,642,95.601665
,389,-0.006422,389,-0.004966,389,-0.002251,429,0.001974,459,0.014609,489,79.535579,519,95.215273,549,94.542229,579,93.580419,609,91.517338,629,96.596567,643,95.009609
,390,0.005093,390,0.004564,390,0.00549,430,0.002963,460,0.005997,490,80.016574,520,94.901023,550,94.958398,580,93.50418,610,91.40093,630,96.901029,644,94.979033
,391,0.002181,391,0.002247,391,0.001057,431,-0.000526,461,0.010289,491,82.923087,521,94.175936,551,95.331945,581,93.106121,611,91.757563,631,97.109188,645,95.068487
,392,-0.008015,392,-0.010333,392,-0.006226,432,0.002762,462,0.007093,492,86.830086,522,93.466292,552,95.477937,582,92.949043,612,92.471225,632,96.73311,646,95.539644
,393,0.003305,393,0.003702,393,0.006149,433,0.000197,463,-0.001005,493,90.211476,523,93.078432,553,95.592663,583,92.904597,613,93.313749,633,96.247187,647,96.384344
,394,0.003236,394,0.008851,394,0.004359,434,-0.000788,464,0.003022,494,92.12058,524,93.298735,554,95.405253,584,93.234196,614,94.249366,634,95.849736,648,96.783961
,395,-0.002575,395,-0.001981,395,0.002179,435,0.003876,465,0.003024,495,91.513557,525,93.995761,555,95.468384,585,93.515661,615,94.608743,635,95.637119,649,97.003101
,396,-0.005019,396,-0.007264,396,-0.002641,436,0.002563,466,0.002487,496,87.634394,526,94.844984,556,95.569661,586,94.104262,616,94.695679,636,95.591923,650,96.405764
,397,0.002315,397,0.003903,397,0.001786,437,6.50E-05,467,0.000807,497,80.441719,527,95.58129,557,95.814038,587,95.056521,617,94.581801,637,95.665766,651,95.66299
,398,0.001255,398,0.000462,398,0.005882,438,-0.000525,468,0.003092,498,70.833404,528,95.585204,558,95.905919,588,95.831391,618,94.72698,638,95.645034,652,94.817635
,399,0.000396,399,-0.003036,399,-0.002442,439,0.002956,469,0.004162,499,59.981608,529,95.091781,559,95.679023,589,96.307771,619,94.849379,639,95.099279,653,94.418138
,400,0.003435,400,0.003303,400,0.001189,440,0.003018,470,-6.70E-05,500,47.537458,530,94.694877,560,95.61739,590,96.561483,620,95.355425,640,94.643506,654,94.230656
,401,0.00185,401,-0.003106,401,0.000594,441,-0.000721,471,0.006378,501,33.069018,531,94.737871,561,94.945202,591,96.643898,621,96.064276,641,94.121767,655,94.46514
,402,0.000131,402,0.002837,402,-0.001385,442,0.005902,472,0.002749,502,18.80535,532,95.139838,562,94.391547,592,96.682215,622,96.704131,642,93.583305,656,95.084598
,403,0.000726,403,0.004818,403,0.004422,443,0.003211,473,-0.002749,503,8.401588,533,95.968276,563,93.828401,593,96.358247,623,97.16455,643,93.232894,657,95.591747
,404,0.001715,404,-0.004617,404,-0.000659,444,0.000654,474,0.007438,504,3.09476,534,96.441485,564,93.432737,594,96.478933,624,97.001043,644,93.322954,658,95.649298
,405,-0.002112,405,0.00033,405,-0.002046,445,0.004118,475,0.002877,505,1.102042,535,95.856934,565,93.281246,595,96.272916,625,96.366244,645,93.569436,659,95.531366
,406,-0.003632,406,0.00099,406,0.002179,446,0.00111,476,-0.004686,506,0.434851,536,94.223672,566,93.585653,596,96.261372,626,95.376222,646,94.103788,660,94.790515
,407,-0.005806,407,-0.008247,407,-0.003365,447,0.000849,477,0.003214,507,0.192142,537,91.962822,567,94.296766,597,95.901776,627,94.434588,647,94.601028,661,94.132319
,408,0.004425,408,0.003764,408,0.004887,448,0.001632,478,0.001739,508,0.094028,538,89.8816,568,94.874353,598,95.33064,628,93.507243,648,94.938245,662,93.34836
,409,-0.003098,409,0.00112,409,-0.002439,449,0.004962,479,-0.002135,509,0.055387,539,88.972624,569,95.40375,599,95.019667,629,92.957596,649,94.830012,663,92.864524
,410,-0.008382,410,-0.007788,410,-0.006138,450,0.002092,480,0.001466,510,0.033831,540,89.147071,570,95.578208,600,94.47967,630,92.746979,650,94.460312,664,92.865481
,411,0.004881,411,0.001912,411,0.004155,451,-0.000196,481,0.001606,511,0.021023,541,90.874631,571,95.783721,601,94.182496,631,92.9898,651,94.15539,665,93.567111
,412,-0.000791,412,0.001847,412,0.002309,452,0.000916,482,0.000336,512,0.015267,542,93.141302,572,96.088519,602,94.117712,632,93.107474,652,93.674421,666,94.315832
,413,0.00125,413,0.000789,413,0.006384,453,-0.002295,483,0.002627,513,0.009175,543,94.536373,573,96.539209,603,94.403495,633,93.01833,653,93.602683,667,94.878644
,414,0.006591,414,-0.000131,414,0.000988,454,0.002694,484,0.002967,514,0.011304,544,94.081429,574,96.877788,604,94.818726,634,92.923395,654,93.613248,668,95.116732
,415,-0.003623,415,0.00079,415,-0.004348,455,0.003689,485,-0.00135,515,0.006091,545,91.588986,575,97.191247,605,95.042765,635,92.772515,655,94.106557,669,95.189066
,416,-0.001383,416,0.003161,416,0.00494,456,-0.003958,486,0.001015,516,0.002649,546,88.193796,576,97.450422,606,95.081029,636,92.633099,656,94.795056,670,94.559041
,417,-0.002505,417,-0.002373,417,0.003098,457,-0.002313,487,0.005754,517,0.004323,547,84.863833,577,97.14809,607,94.740224,637,92.720302,657,95.217153,671,93.700544
,418,0.003361,418,-0.005535,418,-0.003163,458,0.001722,488,0.004204,518,0.005607,548,82.730084,578,96.407546,608,94.544761,638,92.814498,658,95.394999,672,92.747351
,419,0.00224,419,0.004677,419,0.001515,459,0.004847,489,0.001565,519,0.005404,549,82.607701,579,95.270398,609,94.100166,639,93.259478,659,95.614615,673,92.202097
,420,-0.004546,420,-0.000658,420,-0.002042,460,-0.002598,490,0.003956,520,0.0036,550,84.311172,580,94.164301,610,94.241199,640,94.223899,660,95.697641,674,92.314839
,421,-0.000461,421,-0.003164,421,-0.001384,461,-0.001403,491,0.004167,521,0.008807,551,87.236107,581,93.062333,611,94.278223,641,95.458817,661,95.489966,675,92.884061
,422,0.003553,422,0.002369,422,0.00204,462,0.00194,492,-0.002601,522,0.002698,552,89.990493,582,92.543188,612,95.166083,642,96.153472,662,95.264325,676,93.774327
,423,-0.00448,423,-0.001779,423,-0.00336,463,0.002547,493,0.00329,523,0.003146,553,91.962934,583,92.710452,613,96.008172,643,96.460099,663,95.408899,677,94.474537
,424,0.003558,424,6.50E-05,424,0.002306,464,-0.000403,494,0.002813,524,0.004113,554,92.88571,584,93.465067,614,96.682862,644,96.901411,664,95.682767,678,95.43238
,425,-0.001119,425,-0.000526,425,0.000395,465,-0.001545,495,0,525,0.006105,555,92.270426,585,94.333962,615,97.200566,645,96.710254,665,96.256186,679,96.015331
,426,0.000526,426,0.003882,426,0.000329,466,0.002218,496,0.007057,526,0.004814,556,89.844417,586,95.301952,616,97.477419,646,96.373913,666,96.797391,680,96.027896
,427,0.004279,427,-0.000592,427,0.002106,467,-0.001143,497,0.006501,527,-0.002635,557,85.700991,587,95.929859,617,97.395623,647,96.139089,667,97.122546,681,95.929423
,428,-0.002239,428,-0.005334,428,-0.003556,468,-0.001882,498,0.004643,528,0.005915,558,80.163061,588,95.65097,618,96.920566,648,96.119588,668,96.947512,682,95.46871
,429,0.000921,429,0.00678,429,-0.001184,469,0.002215,499,0.00361,529,0.005207,559,73.969704,589,95.083203,619,96.228997,649,96.052977,669,96.7613,683,95.042731
,430,-0.000922,430,0.002568,430,0.003688,470,0,500,0.0036,530,-0.003856,560,66.918597,590,94.237648,620,96.091192,650,96.200013,670,96.172133,684,95.177234
,431,0.002367,431,-0.004077,431,0.001973,471,0.002215,501,0.002708,531,-0.001994,561,56.648211,591,93.669973,621,95.770113,651,96.348515,671,95.447103,685,95.582262
,432,-0.000854,432,0.001709,432,-0.004077,472,0.001475,502,-0.000202,532,0.004119,562,42.514184,592,93.317488,622,95.827559,652,96.322899,672,94.545363,686,96.277448
,433,-0.002106,433,-0.002698,433,-0.001974,473,-0.000938,503,0.005249,533,0.003155,563,26.881352,593,93.578788,623,96.041585,653,96.332699,673,94.042714,687,96.95838
,434,0.005194,434,0.000328,434,0.005457,474,0.001541,504,0.000872,534,0.000644,564,13.79488,594,94.352792,624,96.626355,654,95.823609,674,93.605667,688,97.269896
,435,0.000131,435,0.002431,435,0.000459,475,-0.000267,505,-0.002808,535,-0.000644,565,5.866277,595,95.031454,625,96.79138,655,95.357333,675,93.341143,689,97.105705
,436,-0.005784,436,-0.001906,436,-0.004863,476,-0.002209,506,-0.000666,536,0.00264,566,2.30865,596,95.751104,626,96.457797,656,94.568843,676,93.393337,690,96.774712
,437,0.005848,437,-0.000722,437,-0.000197,477,0.000803,507,0.003586,537,-0.000644,567,0.956748,597,95.924727,627,95.823548,657,94.170657,677,93.453679,691,95.962157
,438,-0.002692,438,0.002364,438,0.003677,478,0.003946,508,-0.000331,538,0.002129,568,0.436371,598,95.558139,628,94.992615,658,94.053404,678,93.515066,692,94.836808
,439,-0.003612,439,0.001182,439,0.006109,479,0.001401,509,-0.001252,539,0.007562,569,0.230848,599,94.814375,629,94.108261,659,93.950085,679,93.21632,693,93.727709
,440,-0.002427,440,-0.000984,440,-0.000328,480,-0.005,510,-0.000722,540,-0.000516,570,0.118657,600,94.578573,630,93.590369,660,94.078156,680,93.102169,694,92.830327
,441,0.002756,441,-0.005774,441,-0.006693,481,0.001807,511,0.002161,541,0.001291,571,0.072447,601,94.508138,631,93.57189,661,94.677478,681,93.068501,695,92.18795
,442,0.000131,442,0.004853,442,-0.000655,482,0.006996,512,0.005676,542,0.007308,572,0.043771,602,95.107641,632,93.867432,662,94.938626,682,93.024152,696,91.984591
,443,-0.002884,443,0.000131,443,0.002294,483,-0.001953,513,-0.00039,543,0.001424,573,0.035877,603,95.767991,633,94.451976,663,95.196923,683,93.161802,697,92.147732
,444,-0.00085,444,-0.002683,444,0.001374,484,-0.004315,514,-0.001948,544,0.000906,574,0.025102,604,96.595405,634,95.469197,664,95.048681,684,93.999602,698,92.61924
,445,0.00183,445,0.004053,445,-0.001699,485,0.000878,515,-0.003758,545,-0.004269,575,0.011035,605,97.237577,635,96.34792,665,95.057936,685,94.86044,699,93.198587
,446,-0.001829,446,0.000457,446,-0.001763,486,0.002233,516,-0.000516,546,0.01074,576,0.016377,606,96.625556,636,96.87073,666,94.708891,686,95.919371,700,93.617893
,447,0.002939,447,-0.000195,447,0.003984,487,0,517,0.003032,547,0.008223,577,0.01162,607,94.994703,637,97.091904,667,94.34142,687,96.621037,701,93.791501
,448,-0.000326,448,-0.001632,448,-0.000522,488,-0.001763,518,6.40E-05,548,-0.001943,578,0.006438,608,93.125721,638,96.744579,668,94.279981,688,97.230185,702,93.973155
,449,-0.001305,449,0.001893,449,-0.000391,489,0.003472,519,-0.002637,549,6.40E-05,579,0.014202,609,91.095681,639,96.51254,669,94.720615,689,97.581693,703,93.867842
,450,0.005753,450,-0.000653,450,0.001634,490,0.001364,520,-0.003665,550,0.005247,580,0.002563,610,89.615634,640,96.067129,670,95.362056,690,97.687986,704,93.996251
,451,-0.002225,451,0.000785,451,0.000327,491,0,521,0.001607,551,0.008363,581,0.006433,611,89.247633,641,95.955846,671,95.896484,691,97.311484,705,94.098757
,452,-0.000916,452,0.00144,452,0.000982,492,0.002395,522,0.002505,552,0.006095,582,0.009065,612,90.221983,642,96.076682,672,96.267477,692,96.971825,706,94.482513
,453,0.005705,453,-0.001114,453,-0.000918,493,-0.001302,523,0.000898,553,0.003504,583,0.012548,613,92.052759,643,96.138164,673,96.81152,693,96.594794,707,94.90476
,454,0.001445,454,0.002891,454,0.00184,494,-0.005695,524,-0.002699,554,0.010644,584,0.009269,614,94.144084,644,96.740508,674,97.085416,694,96.273633,708,95.636617
,455,0.007049,455,0.00079,455,0.004084,495,0.00048,525,0.000642,555,0.006235,585,6.50E-05,615,95.277011,645,97.063213,675,96.981636,695,95.792803,709,96.212032
,456,0.014515,456,-0.000923,456,-0.002441,496,0.002946,526,0.006547,556,0.007863,586,0.010381,616,95.118132,646,96.920563,676,96.525371,696,95.886919,710,96.854686
,457,0.009584,457,0.001718,457,-0.002577,497,-0.002121,527,-0.002121,557,0.007018,587,0.002038,617,93.504274,647,96.436407,677,95.874048,697,96.148248,711,97.166942
,458,0.006623,458,-0.00139,458,-0.001126,498,-0.001229,528,-0.002957,558,0.003054,588,0.006441,618,90.765728,648,95.583449,678,95.533284,698,96.036731,712,97.113881
,459,0.012816,459,0.002257,459,0.005113,499,0.002792,529,0.002121,559,0.004933,589,0.000656,619,87.598948,649,94.533387,679,95.193447,699,96.065512,713,97.142546
,460,0.002598,460,-0.003265,460,-0.000133,500,0.000747,530,-0.000128,560,0.00052,590,0.009526,620,85.393509,650,93.470408,680,95.024991,700,95.572444,714,96.996574
,461,0.003608,461,-0.000668,461,-0.001403,501,-0.000473,531,-0.000193,561,0.000454,591,0.001446,621,84.124378,651,92.979449,681,95.315096,701,94.899777,715,96.632528
,462,0.000401,462,0.003814,462,-0.001873,502,-0.003576,532,-0.003797,562,0.000786,592,-0.002366,622,84.713281,652,92.881976,682,95.401362,702,94.452038,716,96.162699
,463,0.004693,463,-0.001206,463,-0.002883,503,0.003297,533,0.004379,563,-0.000591,593,0.009724,623,86.472372,653,93.477747,683,95.51321,703,93.911351,717,95.823832
,464,-0.00188,464,-0.002216,464,0.002888,504,-6.70E-05,534,0.002384,564,0.001643,594,-0.001907,624,89.207242,654,94.407181,684,95.825429,704,93.764779,718,95.571612
,465,-0.001747,465,0.001277,465,0.002487,505,-0.001604,535,-0.004832,565,0.002101,595,0.000131,625,91.916915,655,95.338356,685,95.899241,705,93.739065,719,95.378946
,466,0.003698,466,0.000537,466,0.000336,506,6.60E-05,536,0.001932,566,0.004462,596,-0.001908,626,94.178533,656,96.252549,686,95.805419,706,93.961937,720,94.946115
,467,-0.00148,467,-0.000605,467,-0.002825,507,0.001726,537,0.001805,567,-0.000919,597,0.009601,627,95.276742,657,96.720685,687,95.178567,707,94.176672,721,94.681178
,468,0.003092,468,0.000739,468,-0.002756,508,-0.001456,538,0.000774,568,-0.003087,598,0.010062,628,95.41997,658,96.56422,688,94.761329,708,94.849558,722,94.552728
,469,0.001275,469,-0.000537,469,0.004564,509,-0.000923,539,0.000711,569,-0.000854,599,-0.007101,629,94.358664,659,96.02035,689,94.452663,709,95.386954,723,94.457803
,470,-0.002082,470,0.003022,470,0.001948,510,0.005321,540,0.001549,570,0.000394,600,-0.000854,630,92.47761,660,94.953448,690,94.459931,710,95.663619,724,94.417461
,471,0.009063,471,0.002282,471,0.000604,511,0.001571,541,0.002259,571,0.001642,601,-0.001051,631,89.54414,661,94.23596,691,94.579252,711,95.629682,725,94.292177
,472,-0.004224,472,-0.002078,472,-0.002011,512,-0.001892,542,-0.003427,572,-0.002165,602,0.007892,632,86.057502,662,93.63999,692,94.874141,712,95.452099,726,94.096681
,473,-0.005364,473,0.000469,473,6.70E-05,513,0.002798,543,-0.003689,573,-0.002234,603,0.004928,633,82.745462,663,93.517754,693,95.477461,713,95.217778,727,94.037905
,474,0.003216,474,0.001206,474,0.003015,514,0.002533,544,0.00673,574,0.008542,604,-0.003358,634,79.9194,664,93.867954,694,96.187667,714,94.852692,728,94.205942
,475,0.008231,475,0.002476,475,-0.003814,515,-0.002851,545,-0.002328,575,-0.003875,605,0.002239,635,76.311281,665,94.683099,695,96.725791,715,94.63715,729,94.293226
,476,-0.003882,476,-0.003012,476,-0.002209,516,0.001486,546,-0.000582,576,-0.000855,606,0.010677,636,67.799449,666,95.584456,696,97.190215,716,94.811559,730,94.254145
,477,-0.000937,477,6.60E-05,477,0.00529,517,-0.003226,547,0.002266,577,-0.001641,607,0.00158,637,53.480653,667,96.680989,697,97.339278,717,95.054123,731,94.313985
,478,-0.001939,478,0.005016,478,-0.000802,518,0.001353,548,0.001425,578,0.003744,608,-0.00046,638,35.56718,668,97.114876,698,97.454702,718,95.475169,732,94.289686
,479,0.000533,479,-0.0002,479,-0.002602,519,0.003152,549,-0.000129,579,0.00138,609,0.012052,639,19.369143,669,97.516337,699,97.486954,719,96.102367,733,94.127481
,480,0.007533,480,-0.003733,480,0.0026,520,-0.001285,550,-0.005053,580,-0.006179,610,0.000592,640,8.816563,670,97.570493,700,97.127542,720,96.739165,734,94.04722
,481,-0.000937,481,0.004083,481,-0.000267,521,-0.002507,551,0.002463,581,-0.000787,611,0.003817,641,3.799177,671,97.275854,701,97.130664,721,97.387097,735,94.233272
,482,-0.000807,482,0.000941,482,0.000874,522,0.001156,552,0.005058,582,0.007883,612,0.016484,642,1.71166,672,96.878156,702,97.087014,722,97.826519,736,94.412317
,483,-0.00101,483,-0.005457,483,0.001077,523,0.001091,553,-0.000713,583,-0.003087,613,-0.004551,643,0.841532,673,96.607454,703,96.818313,723,97.823469,737,94.902469
,484,-0.003641,484,0.004248,484,0.000606,524,-0.003084,554,0.000973,584,0.00092,614,0.00132,644,0.445704,674,96.443101,704,96.661041,724,97.620457,738,95.564794
,485,0.001958,485,-0.000878,485,-0.00108,525,0.000835,555,-0.002208,585,-0.005123,615,-0.000989,645,0.267791,675,96.576932,705,96.345335,725,97.115406,739,96.175198
,486,0.006834,486,-0.00115,486,-0.000203,526,0.002503,556,0.005978,586,0.004073,616,0.013921,646,0.15926,676,96.462434,706,95.878856,726,96.448252,740,96.736474
,487,-0.001828,487,0.00176,487,-0.000541,527,-0.003728,557,0.002599,587,-0.004932,617,0.006468,647,0.103136,677,95.984598,707,95.248851,727,95.938448,741,97.258171
,488,-0.000745,488,0.004815,488,0.002034,528,0.000707,558,-0.003249,588,0.000657,618,-0.005215,648,0.066628,678,95.266604,708,95.077517,728,95.892162,742,97.63806
,489,-6.80E-05,489,-0.001225,489,0.006059,529,0.0036,559,0.006426,589,-0.003416,619,0.014384,649,0.053511,679,94.133534,709,94.646938,729,95.846167,743,97.618268
,490,0.010163,490,-0.002114,490,-6.80E-05,530,-0.003727,560,-0.001235,590,0.008737,620,0.006267,650,0.042022,680,93.138517,710,94.505912,730,95.836939,744,97.295269
,491,0.001161,491,0.006353,491,-0.000683,531,-0.000965,561,-0.003574,591,-0.002037,621,0.00396,651,0.025313,681,91.912877,711,94.361041,731,96.156239,745,96.804234
,492,0.000821,492,-0.002601,492,-0.00438,532,0.003282,562,-0.003212,592,-0.005325,622,0.013394,652,0.018999,682,91.031919,712,94.335797,732,96.147407,746,96.319283
,493,0.005483,493,-0.003701,493,0.000205,533,0.000579,563,0.005193,593,0.006241,623,0.000791,653,0.019632,683,90.693795,713,94.696359,733,96.108954,747,95.889873
,494,0.006449,494,0.00343,494,0.001166,534,-0.000322,564,0.001577,594,0.000526,624,0.006341,654,0.027493,684,91.189988,714,95.160291,734,95.895285,748,95.650663
,495,0.006926,495,-0.001097,495,-0.000754,535,-0.003672,565,-0.007551,595,-0.001183,625,0.006609,655,0.008,685,92.375228,715,95.483192,735,95.615732,749,95.484972
,496,0.02028,496,0.001507,496,-0.000342,536,0.00206,566,0.001378,596,-0.003882,626,0.005871,656,0.010709,686,93.652472,716,95.932239,736,95.138135,750,95.525093
,497,0.021419,497,0.00041,497,0.003353,537,-0.001998,567,0.00519,597,-0.001578,627,0.002309,657,0.007933,687,94.518772,717,96.173456,737,94.557592,751,95.976997
,498,0.030731,498,-0.000751,498,0.000341,538,0.001741,568,-0.001904,598,0.011444,628,-0.00634,658,0.020745,688,94.819677,718,96.234273,738,94.061533,752,96.496948
,499,0.039031,499,0.003746,499,-0.001907,539,0.005365,569,-0.000986,599,-0.004274,629,0.011099,659,0.013092,689,94.235892,719,96.224848,739,93.996547,753,96.642096
,500,0.034441,500,-0.00129,500,0.001494,540,-0.002129,570,-0.004467,600,-0.000197,630,0.000792,660,0.010501,690,92.981007,720,95.729382,740,94.049749,754,96.680262
,501,0.032768,501,-0.00176,501,0.003046,541,-0.000193,571,0.008473,601,-0.00493,631,-0.002049,661,0.011163,691,91.048905,721,95.266257,741,94.099035,755,96.474946
,502,0.034009,502,-0.001821,502,-0.002901,542,0.005238,572,-0.001443,602,0.004209,632,0.010566,662,0.01261,692,89.108159,722,95.241975,742,94.513445,756,95.889602
,503,0.025236,503,0.005383,503,-0.002893,543,-0.001229,573,-0.002628,603,0.001577,633,-0.005811,663,0.016707,693,87.66943,723,95.093896,743,95.25498,757,95.186283
,504,0.021598,504,-0.003555,504,0.00114,544,-0.00097,574,0.003482,604,-0.004873,634,0.004623,664,0.005147,694,87.043088,724,95.232866,744,96.001104,758,94.503498
,505,0.02835,505,-0.00254,505,0.002407,545,-0.004592,575,0.000919,605,-0.001976,635,0.004424,665,0.008655,695,87.153024,725,95.324712,745,96.818325,759,93.855051
,506,0.01999,506,-0.002998,506,-0.003331,546,0.008799,576,-0.000657,606,0.010281,636,0.00218,666,0.013013,696,88.261263,726,95.621144,746,97.546384,760,93.228808
,507,0.022448,507,0.004781,507,-0.003187,547,0.002849,577,-0.000525,607,-0.004213,637,0.001124,667,0.008384,697,89.723534,727,96.06643,747,98.05482,761,93.337893
,508,0.030261,508,-0.002383,508,0.002847,548,-0.005053,578,-0.001116,608,-0.001251,638,-0.003634,668,0.005009,698,91.545965,728,96.229668,748,98.455509,762,93.771844
,509,0.029408,509,-0.000725,509,0.001186,549,0.000518,579,0.006838,609,0.003754,639,0.011026,669,0.004223,699,93.078652,729,96.002688,749,98.44195,763,94.185833
,510,0.035671,510,0.000722,510,0.000262,550,0.000323,580,-0.009269,610,0.000988,640,-0.001519,670,0.007195,700,93.901045,730,95.772106,750,98.417863,764,95.018886
,511,0.051477,511,0.003733,511,-0.00013,551,-0.000907,581,-0.001772,611,-0.001843,641,-0.000132,671,-0.002574,701,93.987021,731,95.464432,751,98.372919,765,95.959158
,512,0.063615,512,-0.001565,512,0.001631,552,-0.000129,582,0.00289,612,0.003626,642,-0.005683,672,0.004747,702,93.702254,732,95.068327,752,98.022683,766,97.039208
,513,0.071647,513,-0.001626,513,-0.000455,553,0.000778,583,0.002102,613,0.00277,643,0.007127,673,0.00864,703,93.203112,733,94.922506,753,97.680389,767,98.155718
,514,0.076139,514,0.005132,514,0.001559,554,0.008956,584,0.000657,614,-0.00165,644,-0.00555,674,0.001978,704,92.780512,734,94.93689,754,97.379433,768,98.934159
,515,0.066161,515,-0.001101,515,0.001879,555,-0.004741,585,-0.007685,615,-0.006463,645,-0.000132,675,-0.001978,705,92.059716,735,95.376629,755,96.81997,769,98.62782
,516,0.052727,516,-0.002778,516,-0.001615,556,0.000714,586,0.004205,616,0.00343,646,-0.004952,676,0.005607,706,91.355644,736,96.11164,756,96.38632,770,98.228679
,517,0.037747,517,-0.002,517,-0.005678,557,0.002209,587,-0.004998,617,0.010759,647,0.009844,677,-0.001779,707,90.067638,737,97.039614,757,95.813408,771,97.98437
,518,0.020753,518,0.004769,518,0.003802,558,0.003639,588,0.000197,618,-0.010101,648,-0.004296,678,0.002375,708,89.216222,738,97.963889,758,94.980257,772,97.527969
,519,0.017821,519,-0.00238,519,0.003023,559,0.002206,589,-0.002496,619,-0.000197,649,0.00066,679,0.002243,709,88.728444,739,98.45049,759,94.628328,773,97.148399
,520,0.005208,520,-0.004243,520,-0.003922,560,-0.002341,590,0.005452,620,-0.002638,650,-0.003369,680,0.003298,710,88.942677,740,98.181631,760,94.397082,774,96.647137
,521,0.005721,521,0.006621,521,-0.0018,561,-0.002469,591,-0.001774,621,0.005478,651,0.008327,681,-0.00244,711,87.132477,741,97.123512,761,94.260258,775,96.468366
,522,0.007839,522,-0.002441,522,0.001413,562,-0.003934,592,-0.003155,622,0.004486,652,-0.00244,682,0.003558,712,79.425329,742,95.81198,762,94.101624,776,96.509674
,523,0.001862,523,0.000192,523,0.005201,563,-0.00138,593,0.007424,623,-0.009367,653,0.000198,683,0.000592,713,64.092406,743,94.224561,763,93.979555,777,96.939644
,524,6.40E-05,524,0.002377,524,-0.002185,564,0.003221,594,-0.007368,624,-0.002378,654,0.00304,684,0.001317,714,44.20456,744,92.442669,764,94.295889,778,97.27657
,525,0.007454,525,0.002956,525,-0.00347,565,-0.002757,595,0.000788,625,0.000793,655,0.000991,685,0.003691,715,25.383488,745,90.943761,765,94.786018,779,97.082079
,526,0.004108,526,0.006034,526,0.001861,566,-0.000721,596,0.005725,626,0.00475,656,-0.004164,686,0.010221,716,12.612676,746,90.261137,766,95.151548,780,96.877994
,527,0,527,0.002571,527,0.003406,567,-0.000657,597,0.000328,627,0.000989,657,-0.004693,687,0.001844,717,5.91001,747,90.317405,767,95.399917,781,96.480073
,528,0.006172,528,0.011188,528,-6.40E-05,568,0.002824,598,0.000197,628,-0.008124,658,0.006672,688,0.008166,718,2.846016,748,91.23328,768,95.610541,782,95.821513
,529,0.001157,529,0.009579,529,-0.002443,569,-0.002498,599,-0.001643,629,0.000594,659,0.001322,689,0.00941,719,1.476512,749,92.776669,769,95.435753,783,94.944964
,530,-6.40E-05,530,0.010605,530,0.001414,570,-0.006044,600,-0.001578,630,0.006871,660,-0.002509,690,0.002371,720,0.816466,750,94.609361,770,95.137094,784,94.141534
,531,0.00476,531,0.023674,531,-0.000193,571,0.006633,601,-0.002498,631,-0.004958,661,0.000924,691,0.002962,721,0.486771,751,96.335046,771,94.906121,785,93.234499
,532,-0.00045,532,0.016025,532,-0.002896,572,0.001049,602,0.002828,632,0.000462,662,0.004225,692,0.007966,722,0.307676,752,97.411792,772,94.723189,786,92.864872
,533,0.004443,533,0.021897,533,-0.001416,573,-0.004402,603,0.001379,633,-0.003698,663,-0.001122,693,0.000658,723,0.200761,753,97.551486,773,94.709839,787,92.914241
,534,0.000451,534,0.028618,534,0.006767,574,0.000788,604,-0.000658,634,0.00502,664,-0.001847,694,0.00191,724,0.140481,754,96.764854,774,94.674392,788,93.20848
,535,-0.001868,535,0.02152,535,-0.004767,575,0.001116,605,-0.000527,635,-0.002047,665,0.005946,695,0.00342,725,0.102579,755,94.832338,775,94.928279,789,93.438013
,536,0.005023,536,0.019514,536,-0.001288,576,-0.00046,606,0.001054,636,-0.001453,666,-0.001123,696,0.010517,726,0.068501,756,92.501214,776,95.550223,790,94.177801
,537,-0.000515,537,0.01702,537,0.006189,577,-0.001969,607,0.004213,637,0.008994,667,0.001254,697,0.00276,727,0.051401,757,90.166761,777,96.331175,791,95.250389
,538,0.005548,538,0.019806,538,0.000709,578,0.005452,608,-0.001316,638,-0.006475,668,0.003823,698,0.003024,728,0.045174,758,88.370154,778,97.169961,792,95.836706
,539,0.002456,539,0.008855,539,-0.000646,579,0.002169,609,-0.002305,639,0.000396,669,-0.000791,699,0.010274,729,0.042017,759,87.782845,779,97.483418,793,96.604297
,540,0.003549,540,0.003807,540,0.004259,580,-0.006968,610,-0.001185,640,-0.0037,670,-0.00429,700,0.005923,730,0.026676,760,87.709088,780,97.759244,794,97.165814
,541,-0.000774,541,0.009555,541,0.001743,581,0.000131,611,0.008952,641,0.009722,671,-0.001452,701,0.006642,731,0.017941,761,88.474846,781,97.5563,795,97.526058
,542,-0.001746,542,0.000646,542,-0.000711,582,0.007094,612,0.001318,642,-0.005617,672,0.008704,702,0.005528,732,0.020011,762,89.909535,782,97.230882,796,97.460452
,543,0.00343,543,0.001942,543,-0.000776,583,-0.00565,613,-0.010357,643,-0.003101,673,-0.002638,703,0.009661,733,0.024944,763,91.710494,783,96.504061,797,96.878426
,544,0.001294,544,0.000388,544,0.003235,584,0.00092,614,0.005676,644,-0.001123,674,-0.000329,704,0.005062,734,0.019134,764,93.464507,784,95.6644,798,96.571959
,545,-0.000711,545,-0.002199,545,-0.00498,585,0.004072,615,-0.004484,645,0.00588,675,-0.001517,705,0.009591,735,0.010678,765,94.751925,785,95.010202,799,96.009048
,546,0.001164,546,0.004917,546,0.001423,586,-0.001248,616,-0.000329,646,-0.00548,676,0.006861,706,0.015428,736,0.012364,766,95.053362,786,94.988315,800,95.565731
,547,0.002784,547,0.002007,547,0.009583,587,-0.006576,617,0.00066,647,0.002774,677,-0.006921,707,0.001834,737,0.01985,767,95.197881,787,94.932186,801,95.635041
,548,-0.000453,548,0.002526,548,-0.005766,588,0.003352,618,0.000792,648,0.003106,678,-0.000329,708,0.006432,738,0.015436,768,94.962652,788,95.247044,802,95.727535
,549,0.001166,549,-0.000259,549,-0.002591,589,0.00197,619,0.001649,649,0.000198,679,-0.000395,709,0.00781,739,0.010614,769,94.165912,789,95.752227,803,95.911373
,550,0.002397,550,0.001166,550,0.005053,590,-0.000394,620,-0.001781,650,-0.00555,680,0.000989,710,0.004531,740,0.019389,770,93.461133,790,96.635109,804,95.977117
,551,0.000777,551,0.006612,551,-0.000259,591,-0.00184,621,-0.00429,651,0.003172,681,-0.002111,711,0.005706,741,0.019376,771,92.512307,791,97.510263,805,96.443014
,552,0.003696,552,0.001686,552,-0.001815,592,0.00355,622,0.0064,652,0.004552,682,0.004481,712,0.010083,742,0.013899,772,91.760028,792,97.751486,806,96.138596
,553,0.001882,553,0.004737,553,0.004543,593,-0.000131,623,-0.000131,653,-0.004693,683,-0.00329,713,-0.001571,743,0.010001,773,90.821538,793,97.715014,807,96.04645
,554,0.003699,554,0.006879,554,0.002531,594,-0.005592,624,-0.001717,654,0.001255,684,-0.003556,714,0.003473,744,0.007859,774,89.374245,794,97.700056,808,95.894035
,555,-0.001429,555,-0.003962,555,-0.004676,595,0.008546,625,-0.002776,655,-0.001256,685,0.00145,715,0.005303,745,0.01552,775,88.535857,795,96.957721,809,96.381612
,556,0.000324,556,0.007538,556,0.001429,596,-0.000987,626,-0.001055,656,0.00423,686,0.005341,716,-0.001505,746,0.012145,776,88.986389,796,95.457555,810,96.83009
,557,0.004418,557,0.001494,557,0.009552,597,-0.000394,627,0.004025,657,-0.006809,687,-0.003953,717,0.001768,747,0.005583,777,90.393732,797,93.875643,811,96.563725
,558,0.002859,558,-0.001559,558,-0.004679,598,0.007234,628,-0.009577,658,0.001123,688,-0.001317,718,0.00694,748,-0.000194,778,90.119132,798,92.546869,812,96.692185
,559,0.001752,559,0.004089,559,0.000843,599,-0.001117,629,-0.000858,659,0.002446,689,-0.001052,719,0.005043,749,0.002206,779,83.548776,799,91.404613,813,97.492324
,560,-0.001431,560,-0.00091,560,-0.002276,600,-0.001512,630,0.006012,660,-0.000462,690,0.007774,720,-0.00013,750,0.010569,780,68.474766,800,90.979546,814,97.441074
,561,0.000389,561,0.003704,561,0.007019,601,-0.002564,631,-0.000462,661,-0.002311,691,-0.002436,721,0.003266,751,0.004346,781,47.695031,801,91.209968,815,97.459758
,562,-0.00354,562,-0.005114,562,-0.005048,602,-0.000657,632,6.60E-05,662,-0.000858,692,-0.001185,722,0.001438,752,0.000778,782,28.253352,802,92.071092,816,97.248095
,563,0.001051,563,0.002234,563,-0.004141,603,0.001839,633,-0.006868,663,0.004292,693,-0.000197,723,0.000196,753,-0.003371,783,14.809907,803,93.830391,817,97.225998
,564,0.003221,564,0.002498,564,0.007429,604,-0.004082,634,0.007199,664,-0.002639,694,-0.001712,724,0.003533,754,0.002592,784,7.386022,804,95.448295,818,97.1168
,565,-0.002298,565,-0.000459,565,-0.003217,605,0.004809,635,-0.002113,665,-0.000528,695,-0.001315,725,0.007065,755,0.007124,785,3.768102,805,97.101653,819,95.808177
,566,-0.000459,566,0.000131,566,0.000787,606,-0.000131,636,-0.003963,666,0.003038,696,0.005916,726,-0.002938,756,0.00622,786,2.071008,806,97.744076,820,94.409616
,567,0.001511,567,-0.001708,567,-0.001774,607,-0.001975,637,0.003306,667,-0.000924,697,-0.006113,727,-0.000978,757,0.002652,787,1.211927,807,97.540194,821,93.46364
,568,0.002956,568,0.002956,568,0.0067,608,0.006782,638,-0.000726,668,0.001186,698,-0.002696,728,0.003394,758,0.001228,788,0.751233,808,96.904996,822,92.981425
,569,0.002761,569,0.000854,569,-0.003287,609,0.000197,639,0.000198,669,0.004289,699,0.005137,729,0.000391,759,0.005181,789,0.474918,809,95.357384,823,91.408282
,570,-0.001576,570,-0.00473,570,-0.00611,610,-0.004347,640,-0.005682,670,-0.000198,700,-0.000592,730,-0.006196,760,0.001231,790,0.317567,810,93.303816,824,91.961187
,571,0.00197,571,0.005385,571,-0.000459,611,0.004278,641,0.004298,671,-0.00363,701,0.002104,731,-0.003327,761,-0.006154,791,0.213963,811,91.289087,825,92.466347
,572,0.003346,572,-6.50E-05,572,0.005578,612,0.004549,642,-0.006608,672,0.001516,702,-6.50E-05,732,-0.000912,762,-0.004011,792,0.156628,812,89.541494,826,93.137212
,573,-0.002102,573,-0.002628,573,-0.005388,613,-0.006662,643,-0.000461,673,0.006001,703,-0.002431,733,-0.002344,763,0.00155,793,0.123056,813,88.074116,827,94.339821
,574,0.004402,574,0.005979,574,0.001117,614,0.004224,644,0.004295,674,0.003362,704,0.000131,734,0.001301,764,0.001746,794,0.084702,814,87.414532,828,95.238141
,575,-0.002496,575,-0.000525,575,-0.003218,615,-0.002835,645,-0.00185,675,-0.004023,705,0.002102,735,0.001888,765,0.000841,795,0.072392,815,87.844998,829,96.57244
,576,0.00263,576,-0.00046,576,0.01026,616,-0.001451,646,-0.005348,676,0.000593,706,-0.001313,736,-0.005726,766,0.006132,796,0.06873,816,88.931359,830,97.454585
,577,0.00453,577,0.001575,577,-0.002429,617,0.003828,647,0.005549,677,0.003098,707,-0.00878,737,0.00065,767,0.003551,797,0.046474,817,90.323855,831,97.120397
,578,-0.00335,578,0.006175,578,-0.003219,618,0.000528,648,0.001718,678,-0.001847,708,-0.00105,738,0.00267,768,0.000258,798,0.039786,818,92.013711,832,95.988933
,579,0.003287,579,0.001841,579,0.001183,619,-0.002177,649,-0.000924,679,-0.004354,709,0.006235,739,-0.001823,769,0.01556,799,0.043438,819,93.349738,833,95.052377
,580,-0.002958,580,-0.006442,580,0.003024,620,-0.000989,650,-0.005814,680,0.00343,710,0.003086,740,-0.002992,770,0.004968,800,0.034252,820,94.092007,834,93.184185
,581,0.000525,581,0.003741,581,-0.001247,621,0.005346,651,0.006146,681,-0.002506,711,-0.003279,741,-0.003186,771,-0.004322,801,0.016863,821,94.590859,835,91.197071
,582,0.004401,582,0.004664,582,0.000328,622,0.001187,652,-6.50E-05,682,-0.000263,712,0.002488,742,0.000779,772,-0.003158,802,0.028363,822,94.683573,836,89.625442
,583,-0.003153,583,-0.004533,583,-0.00611,623,-0.007652,653,-0.002445,683,-0.001776,713,0.003601,743,-0.002273,773,0.015099,803,0.024703,823,94.447469,837,88.525841
,584,0.002103,584,0.003681,584,0.009794,624,0.001519,654,0.000264,684,0.005137,714,-0.000983,744,-0.002793,774,0.008379,804,0.014825,824,94.75373,838,88.199671
,585,-0.001904,585,0.002561,585,-0.000722,625,0.002181,655,0.003835,685,-0.002175,715,-0.004256,745,-0.000974,775,0.005988,805,0.029876,825,94.193015,839,88.436993
,586,-0.000854,586,-0.001839,586,-0.002956,626,-0.003298,656,-0.002644,686,-0.001516,716,-0.002095,746,-0.002208,776,0.000578,806,0.030311,826,93.949769,840,89.812497
,587,-0.004538,587,-0.005129,587,-0.007694,627,0.002375,657,-0.005751,687,-0.001251,717,0.001702,747,0.002402,777,-0.002058,807,0.022487,827,93.744608,841,90.963799
,588,0.004075,588,0.006769,588,0.005389,628,0.000264,658,0.000396,688,0.005729,718,-0.002946,748,0.000779,778,0.000709,808,0.01773,828,92.681795,842,93.678002
,589,-0.001511,589,0.001905,589,0.004861,629,-0.002048,659,0.004628,689,-0.000592,719,-0.000982,749,-0.003244,779,0.010049,809,0.029735,829,92.218612,843,94.926543
,590,0.005387,590,0.001248,590,-0.000985,630,-0.00033,660,-0.001519,690,-0.002042,720,-0.002287,750,-0.004603,780,0.010761,810,0.012239,830,90.110273,844,95.948252
,591,-0.001577,591,0.003023,591,-0.002629,631,0.001388,661,-0.001122,691,-0.001777,721,-0.000326,751,0.003503,781,0.002898,811,0.023871,831,88.718377,845,96.751406
,592,-0.000854,592,0.003089,592,0.002103,632,0.005679,662,-0.001386,692,0.002436,722,-0.005493,752,0.006294,782,0.013661,812,0.010439,832,87.967258,846,95.081272
,593,0.006307,593,0.004664,593,0.007424,633,-0.007528,663,0.008386,693,0.000263,723,0.003138,753,-0.002334,783,0.007085,813,0.013101,833,90.021629,847,93.236077
,594,-0.005394,594,-0.001513,594,-0.005526,634,0.00317,664,-0.002837,694,-0.003491,724,0.004056,754,0.000777,784,0.00527,814,-0.007658,834,91.387826,848,92.837076
,595,0.005325,595,0.001117,595,0.001117,635,0.00416,665,6.60E-05,695,-0.002763,725,0.000785,755,0.004728,785,0.010597,815,0.000515,835,88.690965,849,91.634912
,596,0.004474,596,-0.001974,596,0.000987,636,-0.002378,666,0.005549,696,0.007888,726,-0.005942,756,0.003369,786,0.009533,816,0.026906,836,77.467651,850,91.59419
,597,0.003156,597,0.00651,597,0.003222,637,0.000925,667,0.004027,697,-0.004272,727,-0.001043,757,-0.000517,787,0.002063,817,0.006256,837,56.414193,851,91.771512
,598,0.005458,598,0.001644,598,0.00217,638,0.001255,668,-0.001779,698,-0.004339,728,0.006658,758,0.001228,788,0.00986,818,-0.005821,838,34.472229,852,92.050956
,599,-0.001906,599,-0.005129,599,-0.006049,639,0.001452,669,-0.003827,699,0.002897,729,0.004632,759,0.000582,789,0.004822,819,-0.00388,839,18.887824,853,91.417306
,600,0.001249,600,0.003879,600,0.005589,640,-0.00337,670,0.005874,700,0.003356,730,-0.009066,760,-0.003563,790,0.009576,820,0.006709,840,9.830494,854,92.35569
,601,-0.00355,601,-0.002564,601,-0.00401,641,0.002447,671,-0.002772,701,-0.000526,731,-0.006524,761,-0.008097,791,0.007144,821,-0.003095,841,5.289318,855,93.074402
,602,-0.001512,602,-0.001446,602,-0.002959,642,0.002312,672,-0.000461,702,-0.000987,732,0.001368,762,6.40E-05,792,0.011361,822,-0.004014,842,2.954107,856,91.724462
,603,0.006045,603,0.009133,603,0.006111,643,-0.000263,673,-0.001451,703,0.003943,733,0.004884,763,-0.001873,793,0.018038,823,0.004511,843,1.692656,857,90.708699
,604,-0.005136,604,-0.004609,604,0.004741,644,-0.003039,674,0.003758,704,-0.00447,734,-0.001431,764,-0.002522,794,-0.007647,824,0.012956,844,1.101607,858,90.924796
,605,0.002305,605,-0.000329,605,-0.003557,645,0.005153,675,-0.0062,705,-0.001642,735,-0.006185,765,0.001811,795,-0.005464,825,0.004354,845,0.717636,859,91.146305
,606,0.00692,606,0.00547,606,0.001186,646,-0.000198,676,-0.000923,706,0.00407,736,-0.002603,766,0.010715,796,0.015187,826,-0.000129,846,0.453938,860,92.47648
,607,-0.002501,607,-0.000855,607,0.000263,647,0.00066,677,-0.002702,707,-0.005897,737,0.001366,767,0.009427,797,0.003085,827,0.017942,847,0.266061,861,89.942959
,608,-0.00395,608,-0.000197,608,-0.001646,648,-0.002379,678,-0.002309,708,0.000918,738,-0.005927,768,-0.00304,798,0.000965,828,0.005912,848,0.202596,862,78.804892
,609,0.004281,609,0.002634,609,0.004478,649,0.008323,679,-0.001517,709,0.00269,739,-0.000455,769,0.000129,799,-0.002895,829,-0.005628,849,0.199934,863,54.440206
,610,0.003228,610,-0.004216,610,0.006719,650,-0.003832,680,0.001781,710,-0.001707,740,0.004359,770,0.004387,800,0.004562,830,-0.018531,850,0.139973,864,31.159443
,611,-0.002369,611,0.000855,611,0.003686,651,0.000594,681,-0.003628,711,0.001508,741,-0.005071,771,-0.000258,801,-0.004762,831,0.017212,851,0.150288,865,16.54386
,612,0.005538,612,0.008901,612,0.001516,652,0.004617,682,0.00079,712,0.004386,742,-0.001493,772,-0.006703,802,-0.0018,832,0.012037,852,0.124332,866,8.710774
,613,-0.004156,613,-0.007718,613,-0.007124,653,-0.001123,683,0.001118,713,-0.00478,743,0.007728,773,-0.001226,803,0.00574,833,0.002301,853,0.141623,867,4.808045
,614,-0.002706,614,0.001452,614,-0.000594,654,0.004163,684,-0.000592,714,0.001179,744,0.003572,774,-0.004189,804,0.003158,834,0.002692,854,0.09031,868,2.480962
,615,-0.002703,615,0.002242,615,-0.002901,655,0.001851,685,-0.000527,715,0.00275,745,-0.002467,775,0.007727,805,-0.00542,835,0.011187,855,0.12886,869,1.482721
,616,0.006993,616,0.004156,616,0.009962,656,0.005883,686,0.007253,716,-0.004321,746,-0.000389,776,0.002251,806,-0.007529,836,-0.012671,856,0.098462,870,0.694443
,617,0.006732,617,0.005148,617,0.012607,657,-0.003834,687,-0.001713,717,-0.002815,747,0.000649,777,-0.006818,807,0.005782,837,0.002047,857,0.079819,871,0.875455
,618,-0.009309,618,-0.003235,618,-0.007658,658,0.004294,688,0.000987,718,0.000196,748,-0.005778,778,-0.005414,808,0.004175,838,0.020152,858,-0.094888,872,0.618263
,619,-0.000131,619,0.006862,619,-0.001319,659,0.00357,689,0.000263,719,-0.001309,749,0.000454,779,0.001674,809,-0.002119,839,0.005237,859,-0.022739,873,0.170331
,620,0.004354,620,0.001187,620,0.001121,660,0.003302,690,0.008499,720,-0.00379,750,0.005965,780,0.008441,810,0.002769,840,0.014386,860,-0.082528,874,0.253867
,621,0.001386,621,0.000792,621,0.002178,661,0,691,-0.001711,721,0.0032,751,-0.001492,781,0.003284,811,-0.002187,841,-0.015268,861,0.115618,875,-0.14034
,622,0.000791,622,0.005344,622,0.012536,662,0.000396,692,-0.001777,722,0.002354,752,-0.000129,782,0.001482,812,-0.006959,842,0.031767,862,-0.073777,,
,623,-0.007322,623,-0.008906,623,-0.005607,663,0.010829,693,-0.000526,723,-0.003596,753,-0.004798,783,-0.006312,813,0.008196,843,0.022358,863,0.065125,,
,624,0.005218,624,0.002047,624,0.000264,664,-6.50E-05,694,0.002569,724,-0.003467,754,0.005185,784,0.005784,814,-0.020337,844,0.002712,864,0.07736,,
,625,0.002115,625,0.003503,625,0.000264,665,-0.001123,695,-0.006578,725,0.003074,755,0.004728,785,-0.000834,815,-0.018312,845,0.034534,865,0.083571,,
,626,-0.004684,626,-0.003958,626,-0.000857,666,-0.000264,696,0.002497,726,0.004048,756,-0.001555,786,-0.001674,816,0.013839,846,-0.030231,866,-0.020055,,
,627,0.003959,627,0.003761,627,0.010427,667,0.007064,697,0.002366,727,-0.001108,757,-0.002782,787,-0.005802,817,0.00316,847,-0.056535,867,0.17786,,
,628,-0.00601,628,-0.001915,628,-0.001056,668,0.000329,698,-0.002761,728,-0.000587,758,0.00181,788,-0.00348,818,-0.013325,848,-0.010372,868,0.047749,,
,629,-0.000726,629,0.000792,629,-0.000396,669,-0.002969,699,0.000922,729,0.002153,759,0.000388,789,0.002507,819,0.010671,849,0.031765,869,-0.264904,,
,630,0.004757,630,0.001783,630,0.000198,670,0.000396,700,0.002369,730,-0.003717,760,-0.001943,790,0.002185,820,-0.002129,850,-0.066296,870,-0.153635,,
,631,0.00271,631,0.001388,631,-0.003305,671,0.004621,701,0.006379,731,-0.007567,761,0.000129,791,-0.007917,821,-0.002192,851,0.037024,871,0.079962,,
,632,0.002773,632,0.003302,632,0.002707,672,0.000527,702,-0.005594,732,-0.00176,762,-0.005758,792,-0.005841,822,0.006928,852,0.000757,872,0.112474,,
,633,-0.005283,633,-0.008651,633,0.001056,673,-0.001516,703,-0.000657,733,0.004363,763,-0.008527,793,0.007382,823,-0.001224,853,0.066856,873,0.017033,,
,634,0.005548,634,0.002906,634,0.004888,674,0.004417,704,0.002563,734,-0.001041,764,0.00097,794,-0.005205,824,-0.003627,854,0.102287,874,0.284503,,
,635,-0.00033,635,0.0035,635,-0.004226,675,0.00211,705,0.006175,735,-0.001497,765,0.000194,795,-0.002571,825,0.001364,855,0.116574,875,-0.029355,,
,636,-0.003369,636,0.001387,636,-0.00284,676,-0.002902,706,-0.001838,736,-0.001301,766,-0.002388,796,-0.001222,826,0.006041,856,0.034882,,,,
,637,0.005621,637,-0.001256,637,-0.000396,677,-0.00468,707,-0.006159,737,-0.00039,767,0.010266,797,0.002314,827,0.019762,857,0.006086,,,,
,638,-0.000991,638,-0.003898,638,-0.005286,678,0.003695,708,-0.00164,738,-0.004754,768,0.006793,798,0.009334,828,-0.002728,858,-0.061074,,,,
,639,0.000132,639,0.00581,639,0.007725,679,0.000989,709,0.000393,739,-0.000716,769,0.003034,799,-0.003925,829,-0.001374,859,0.014457,,,,
,640,-0.001519,640,-0.003171,640,0.002709,680,-0.003628,710,0.008011,740,0.002472,770,-0.004,800,-0.001028,830,0.014877,860,0.068946,,,,
,641,0.001587,641,-0.002513,641,0.000132,681,-0.002572,711,6.50E-05,741,-0.006242,771,0.001741,801,-0.003926,831,-0.009097,861,0.165811,,,,
,642,-0.007401,642,-0.006938,642,-0.008524,682,0.007644,712,0.00216,742,-0.002663,772,0.002513,802,0.013506,832,-0.000327,862,0.100932,,,,
,643,0.002507,643,0.002573,643,0.001187,683,0.001316,713,0.002161,743,0.003571,773,0.003097,803,0.00961,833,-0.006115,863,-0.032459,,,,
,644,0.000859,644,0.002973,644,0.000859,684,0.00461,714,0.006554,744,-0.000129,774,-0.002127,804,-0.001418,834,0.018517,864,0.002443,,,,
,645,0.001783,645,0.00066,645,0.009778,685,0.007711,715,-0.003208,745,-0.002987,775,0.005859,805,-0.000451,835,0.027309,865,0.143902,,,,
,646,-0.005546,646,-0.007527,646,-0.002178,686,0.00455,716,-0.003208,746,0.002208,776,-0.004888,806,0.00695,836,0.009899,866,-0.093336,,,,
,647,0.007201,647,0.001387,647,0.002774,687,0.005139,717,0.002291,747,-0.000259,777,-0.009456,807,-0.001477,837,0.002641,867,0.096364,,,,
,648,0.000925,648,-0.00033,648,0.001983,688,0.00968,718,0.004845,748,-0.006882,778,0.003351,808,0.006424,838,0.02002,869,-0.168103,,,,
,649,-0.001255,649,0.008456,649,0.011693,689,-0.000197,719,0.000982,749,-0.001297,779,0.008761,809,0.005009,839,0.005768,870,-0.091543,,,,
,650,-0.00621,650,-0.001916,650,-0.002576,690,0.001647,720,0.001829,750,0.001491,780,0.003028,810,-0.006699,840,-0.031504,871,0.230187,,,,
,651,0.000793,651,-0.001189,651,0.002908,691,-0.003555,721,0.006401,751,-0.003827,781,-0.002962,811,0.002702,841,-0.024536,872,-0.143803,,,,
,652,0.005211,652,-0.002111,652,0.00376,692,0.002172,722,-0.001896,752,0.004282,782,0.009086,812,0.004253,842,0.037073,873,-0.018855,,,,
,653,0.002247,653,0.002445,653,0.003437,693,-0.003029,723,0.005362,753,0.003566,783,-0.000773,813,-0.008067,843,0.016903,874,0.374998,,,,
,654,-0.000396,654,0.007666,654,0,694,0.001383,724,0.005496,754,-0.001944,784,-0.005334,814,-0.021817,844,0.012475,875,-0.282873,,,,
,655,-0.00562,655,-0.002975,655,-0.002578,695,0.001842,725,-0.000523,755,-0.002396,785,-0.00655,815,0.004964,845,0.071167,,,,,,
,656,0.004825,656,-0.00185,656,0.002776,696,-0.000591,726,-0.00111,756,0.003304,786,0.004186,816,0.012101,846,-0.007912,,,,,,
,657,-0.000198,657,-0.000132,657,-0.005751,697,0.000788,727,0.007436,757,0.002976,787,-0.001611,817,-0.004579,847,-0.074975,,,,,,
,658,0.001651,658,0.007267,658,0.004756,698,-0.000591,728,0.004961,758,-0.002909,788,-0.00406,818,-0.015848,848,-0.024087,,,,,,
,659,-0.003107,659,-0.003306,659,0.00238,699,0.001053,729,-0.001892,759,0.000777,789,0.000514,819,0.014098,849,0.044717,,,,,,
,660,0.004358,660,-0.000396,660,-0.002773,700,0.002961,730,-0.006783,760,-0.001166,790,0,820,0.00658,850,-0.054472,,,,,,
,661,0.010238,661,0.003765,661,-0.000594,701,0.000854,731,6.50E-05,761,-0.009393,791,-0.008367,821,-0.02025,851,-0.100397,,,,,,
,662,0.003103,662,0.000858,662,0.003565,702,-0.000789,732,0.005866,762,-0.00414,792,-0.010206,822,-0.002589,852,0.020044,,,,,,
,663,0.005745,663,0.001518,663,0.003698,703,0,733,0.001302,763,0.002648,793,0.009436,823,0.01405,853,0.126353,,,,,,
,664,0.005873,664,0.002969,664,-0.001451,704,-0.00184,734,-0.003969,764,0.001681,794,-0.004819,824,-0.006348,854,0.107105,,,,,,
,665,0.016188,665,0.000991,665,-0.000132,705,0.000722,735,-0.005469,765,-0.001552,795,-0.002443,825,-0.008188,855,0.037546,,,,,,
,666,0.030387,666,-0.001849,666,0.002246,706,6.50E-05,736,0.001496,766,0.006971,796,0.014222,826,0.022605,856,-0.008963,,,,,,
,667,0.032152,667,0.00231,667,-0.000924,707,-0.000982,737,0.006248,767,0.004132,797,0.009449,827,0.006435,857,0.033546,,,,,,
,668,0.032101,668,0.003229,668,0.001977,708,-0.001181,738,-0.003777,768,-0.003623,798,0.001738,828,-0.014812,858,-0.030188,,,,,,
,669,0.034379,669,-0.001649,669,0.001055,709,-0.003019,739,-0.004363,769,0.013623,799,-0.003153,829,-0.011715,859,0.055866,,,,,,
,670,0.038285,670,-0.00132,670,-0.00297,710,0.005647,740,0.002797,770,0.008129,800,6.40E-05,830,-0.004632,860,-0.032221,,,,,,
,671,0.044825,671,0.004489,671,-0.003168,711,-0.001902,741,0.002925,771,0.000193,801,-0.010813,831,0.006871,861,-0.101079,,,,,,
,672,0.040553,672,0.00567,672,0.005736,712,0.000916,742,0.003572,772,-0.003609,802,-0.002058,832,-0.009158,862,-0.059853,,,,,,
,673,0.032252,673,-0.004287,673,0.005935,713,-0.000261,743,0.001169,773,0.008001,803,0.006514,833,0.015125,863,0.082354,,,,,,
,674,0.028485,674,0.002307,674,-0.000197,714,-0.001441,744,0.002533,774,0.000386,804,-0.004254,834,0.02771,864,0.192633,,,,,,
,675,0.028893,675,0.001451,675,-0.004419,715,0.00072,745,0.004091,775,-0.00045,805,0.00058,835,0.047709,865,0.00835,,,,,,
,676,0.028631,676,0.001913,676,0.001715,716,-0.001374,746,0.001428,776,-0.000771,806,0.001094,836,-0.000725,866,-0.040041,,,,,,
,677,0.021819,677,-0.003427,677,0.001582,717,-0.002226,747,0.002921,777,-0.00759,807,0.010215,837,0.025755,867,-0.066768,,,,,,
,678,0.027915,678,0.001781,678,-0.001715,718,0.001702,748,0.000844,778,-0.006703,808,0.002955,838,0.022465,868,-0.060223,,,,,,
,679,0.033777,679,6.50E-05,679,-0.007718,719,0.001244,749,0.003634,779,0.002383,809,-0.00289,839,0.036599,869,-0.069264,,,,,,
,680,0.03925,680,0.00244,680,0.002572,720,0.000196,750,0.005317,780,0.005283,810,-0.001803,840,-0.026842,870,0.006791,,,,,,
,681,0.035426,681,0.000329,681,0.000461,721,0.003592,751,0.009796,781,0.000579,811,0.003603,841,-0.014868,871,0.201726,,,,,,
,682,0.04514,682,0.004415,682,-0.000329,722,-0.002092,752,0.012004,782,0.005864,812,0.007539,842,0.028543,872,-0.072145,,,,,,
,683,0.050732,683,-0.003026,683,-0.001908,723,0.003138,753,0.002334,783,-0.002447,813,0.015748,843,0.023234,873,-0.002383,,,,,,
,684,0.072914,684,0.000197,684,0.000724,724,0.005038,754,0.007,784,-0.006298,814,-0.013064,844,-0.021358,874,0.597875,,,,,,
,685,0.078371,685,0.009096,685,-0.002438,725,-0.003401,755,0.004987,785,0.007514,815,0.005029,845,0.011037,875,-0.259955,,,,,,
,686,0.088233,686,0.010617,686,0.004616,726,-0.005158,756,0.00285,786,0.005539,816,0.017251,846,0.018192,,,,,,,,
,687,0.0958,687,0.006654,687,0.003426,727,0.002935,757,0.008928,787,-0.006253,817,-0.00245,847,-0.037892,,,,,,,,
,688,0.107476,688,0.013566,688,-0.000131,728,0.001697,758,0.002974,788,0.00406,818,-0.015589,848,-0.017741,,,,,,,,
,689,0.108714,689,0.020137,689,-0.003487,729,0.003653,759,-0.006153,789,-6.40E-05,819,-0.021859,849,-0.015746,,,,,,,,
,690,0.107463,690,0.0338,690,-0.000856,730,-0.001891,760,-0.000323,790,-0.000642,820,-0.009419,850,-0.02228,,,,,,,,
,691,0.089147,691,0.034697,691,0.000855,731,-0.002218,761,-0.001425,791,-0.003025,821,-0.009932,851,-0.078223,,,,,,,,
,692,0.076311,692,0.036806,692,0.00158,732,-0.000391,762,-0.005176,792,-0.004044,822,0.003496,852,0.005992,,,,,,,,
,693,0.063083,693,0.043394,693,-0.00395,733,0.002865,763,-0.001227,793,-0.001668,823,-0.00406,853,-0.022767,,,,,,,,
,694,0.066269,694,0.044596,694,0.000922,734,0.001822,764,0.002651,794,-0.008033,824,0.012827,854,0.029185,,,,,,,,
,695,0.053221,695,0.038682,695,-0.001644,735,0.000651,765,0.002975,795,0.008679,825,0.005133,855,0.049142,,,,,,,,
,696,0.046081,696,0.047593,696,0.00631,736,-0.003318,766,-0.001097,796,0.019949,826,0.008574,856,-0.003404,,,,,,,,
,697,0.038522,697,0.03484,697,0.002235,737,-0.001627,767,0.003034,797,0.00752,827,0.005655,857,0.059415,,,,,,,,
,698,0.041295,698,0.026565,698,-0.002564,738,0.004038,768,-0.002717,798,0.00103,828,0.001299,858,0.032768,,,,,,,,
,699,0.037343,699,0.034182,699,0.000395,739,0.000325,769,0.002259,799,0.0074,829,0.005497,859,0.00772,,,,,,,,
,700,0.030276,700,0.03021,700,-0.000987,740,-0.004944,770,0.00529,800,0.001606,830,-0.00672,860,0.013442,,,,,,,,
,701,0.041958,701,0.027818,701,0.005392,741,-0.002535,771,-6.40E-05,801,-0.006243,831,0.007657,861,0.086609,,,,,,,,
,702,0.035804,702,0.028367,702,-0.001118,742,0.003637,772,-0.004899,802,-0.002958,832,0.021588,862,-0.054726,,,,,,,,
,703,0.036016,703,0.029509,703,-0.005192,743,0.000259,773,0.006452,803,0.000322,833,0.010061,863,0.091382,,,,,,,,
,704,0.0307,704,0.033396,704,0.000197,744,0.001688,774,-0.001546,804,-0.00058,834,-0.016218,864,-0.091464,,,,,,,,
,705,0.04152,705,0.03495,705,0.001708,745,-0.000844,775,-0.004185,805,-0.004129,835,0.023953,865,-0.070837,,,,,,,,
,706,0.04018,706,0.042741,706,-0.000196,746,-0.007664,776,-0.006561,806,0.005212,836,0.013397,866,-0.06746,,,,,,,,
,707,0.031453,707,0.049539,707,0.000131,747,0.002856,777,-0.008619,807,0.003212,837,0,867,-0.011824,,,,,,,,
,708,0.040892,708,0.058942,708,0.001247,748,-0.000454,778,-0.004189,808,-0.002312,838,0.003171,868,-0.207145,,,,,,,,
,709,0.051128,709,0.074297,709,-0.001181,749,-0.006359,779,0.000322,809,-0.010917,839,0.014719,869,-0.245094,,,,,,,,
,710,0.053255,710,0.084381,710,0.007092,750,0.00175,780,0.000579,810,0.001868,840,-0.021047,870,-0.065972,,,,,,,,
,711,0.052083,711,0.092097,711,0.001836,751,0.000778,781,0.005925,811,-0.003731,841,-0.034337,871,0.290035,,,,,,,,
,712,0.071565,712,0.109279,712,-0.001767,752,0.00253,782,0.004768,812,-0.00857,842,0.006111,872,-0.163339,,,,,,,,
,713,0.068566,713,0.105829,713,0.001047,753,0.001426,783,-0.004315,813,0.014521,843,0.00862,873,0.025514,,,,,,,,
,714,0.080488,714,0.104215,714,0.003342,754,0.004991,784,0.006556,814,-0.006435,844,-0.022104,874,0.035377,,,,,,,,
,715,0.101621,715,0.100574,715,-0.002029,755,0.000453,785,-0.000385,815,-0.011928,845,0.021871,875,-0.098959,,,,,,,,
,716,0.11523,716,0.086422,716,0.001113,756,-0.000971,786,0.000579,816,0.011522,846,-0.018057,,,,,,,,,,
,717,0.133785,717,0.073735,717,-0.001113,757,0.009575,787,0.001096,817,0.016188,847,-0.056467,,,,,,,,,,
,718,0.168005,718,0.070187,718,-0.001833,758,0.005172,788,0.001933,818,0.004851,848,-0.008529,,,,,,,,,,
,719,0.223674,719,0.063925,719,0.003864,759,-0.00408,789,-0.007651,819,0.014486,849,0.001295,,,,,,,,,,
,720,0.263768,720,0.04895,720,0.001829,760,0.002397,790,-0.00662,820,0.018644,850,-0.009226,,,,,,,,,,
,721,0.335814,721,0.046116,721,0.001633,761,0,791,-0.003797,821,-0.012576,851,-0.033534,,,,,,,,,,
,722,0.44886,722,0.044075,722,0.003792,762,-0.001229,792,-0.007959,822,0.000194,852,-0.031892,,,,,,,,,,
,723,0.589794,723,0.046757,723,0.011574,763,0.006137,793,-0.001412,823,0.011858,853,0.112803,,,,,,,,,,
,724,0.778044,724,0.039324,724,0.010534,764,0.006337,794,-0.000963,824,0.004599,854,0.114884,,,,,,,,,,
,725,1.05602,725,0.032644,725,0.018056,765,0.00938,795,0.002635,825,-0.009487,855,-0.044241,,,,,,,,,,
,726,1.463144,726,0.039637,726,0.015476,766,0.02453,796,0.001801,826,0.016953,856,0.007157,,,,,,,,,,
,727,2.033482,727,0.036789,727,0.01996,767,0.03138,797,-0.004499,827,0.012286,857,0.022479,,,,,,,,,,
,728,2.817613,728,0.03597,728,0.030029,768,0.03526,798,0.005279,828,0.011369,858,-0.134559,,,,,,,,,,
,729,3.874326,729,0.041625,729,0.041951,769,0.052041,799,-0.004955,829,0.01741,859,0.021756,,,,,,,,,,
,730,5.25576,730,0.032938,730,0.035873,770,0.048841,800,0.000706,830,0.014289,860,0.081142,,,,,,,,,,
,731,6.945085,731,0.034903,731,0.033924,771,0.053224,801,0.004762,831,-0.004254,861,0.014192,,,,,,,,,,
,732,8.895731,732,0.043674,732,0.046998,772,0.052407,802,0.01074,832,0.014719,862,-0.144506,,,,,,,,,,
,733,11.100198,733,0.046371,733,0.046762,773,0.040329,803,0.00187,833,0.028409,863,0.012129,,,,,,,,,,
,734,13.498892,734,0.04842,734,0.036445,774,0.03919,804,0.000257,834,0.011556,864,-0.225169,,,,,,,,,,
,735,16.065664,735,0.048575,735,0.03119,775,0.036446,805,0.004775,835,0.020202,865,-0.093244,,,,,,,,,,
,736,18.934382,736,0.056878,736,0.03345,776,0.02991,806,0.005277,836,0.022966,866,-0.155186,,,,,,,,,,
,737,22.286069,737,0.061178,737,0.030068,777,0.036602,807,-0.001477,837,0.02351,867,0.043473,,,,,,,,,,
,738,26.346991,738,0.067933,738,0.026964,778,0.029391,808,0.001092,838,0.00436,868,-0.301258,,,,,,,,,,
,739,31.347507,739,0.073717,739,0.036142,779,0.026219,809,0.00411,839,0.009879,869,-0.414743,,,,,,,,,,
,740,37.557997,740,0.088488,740,0.031166,780,0.035891,810,-0.00219,840,-0.001531,870,-0.086069,,,,,,,,,,
,741,44.878123,741,0.095841,741,0.024122,781,0.03027,811,-0.001801,841,0.0026,871,0.011912,,,,,,,,,,
,742,52.943071,742,0.124059,742,0.03306,782,0.031704,812,0.002771,842,6.70E-05,872,-0.201505,,,,,,,,,,
,743,60.255935,743,0.14171,743,0.045981,783,0.038586,813,-0.005485,843,0.047209,873,0.318091,,,,,,,,,,
,744,65.805881,744,0.170182,744,0.043065,784,0.042871,814,-0.012227,844,0.016205,874,0.23356,,,,,,,,,,
,745,68.081956,745,0.214163,745,0.050131,785,0.046242,815,0.005674,845,-0.002505,875,0.302821,,,,,,,,,,
,746,66.79347,746,0.2724,746,0.069041,786,0.050887,816,0.003862,846,-0.074867,,,,,,,,,,,,
,747,62.174594,747,0.353055,747,0.076155,787,0.067049,817,-0.003224,847,-0.068423,,,,,,,,,,,,
,748,55.368607,748,0.452886,748,0.077006,788,0.074117,818,0.006598,848,-0.057046,,,,,,,,,,,,
,749,48.163456,749,0.597352,749,0.10117,789,0.076002,819,-0.007243,849,0.026857,,,,,,,,,,,,
,750,41.422489,750,0.800697,750,0.109911,790,0.10277,820,-0.002258,850,0.01073,,,,,,,,,,,,
,,,751,1.094581,751,0.109055,791,0.111165,821,-0.003998,851,0.017519,,,,,,,,,,,,
,,,752,1.516001,752,0.123359,792,0.112849,822,0.006669,852,0.06654,,,,,,,,,,,,
,,,753,2.095974,753,0.116453,793,0.133327,823,-0.001031,853,0.088591,,,,,,,,,,,,
,,,754,2.94701,754,0.112985,794,0.135022,824,0.007579,854,0.02299,,,,,,,,,,,,
,,,755,4.055706,755,0.105508,795,0.127233,825,0.007473,855,-0.039065,,,,,,,,,,,,
,,,756,5.464806,756,0.093823,796,0.130896,826,0.013121,856,0.107565,,,,,,,,,,,,
,,,757,7.21488,757,0.08909,797,0.105933,827,-0.0013,857,-0.059276,,,,,,,,,,,,
,,,758,9.241006,758,0.067498,798,0.097598,828,-0.000194,858,0.112736,,,,,,,,,,,,
,,,759,11.491422,759,0.059462,799,0.086748,829,0.007265,859,0.006878,,,,,,,,,,,,
,,,760,13.909063,760,0.05689,800,0.073902,830,-0.004176,860,-0.040744,,,,,,,,,,,,
,,,761,16.514137,761,0.045671,801,0.054001,831,0.008246,861,0.113471,,,,,,,,,,,,
,,,762,19.121519,762,0.046649,802,0.052031,832,0.014327,862,0.02667,,,,,,,,,,,,
,,,763,22.135926,763,0.043154,803,0.06063,833,0.00309,863,-0.08966,,,,,,,,,,,,
,,,764,25.515782,764,0.03699,804,0.053436,834,0.014117,864,0.121905,,,,,,,,,,,,
,,,765,29.843825,765,0.048713,805,0.034135,835,0.039023,865,-0.170066,,,,,,,,,,,,
,,,766,34.737039,766,0.040797,806,0.03443,836,0.012077,866,0.001472,,,,,,,,,,,,
,,,767,40.779785,767,0.034156,807,0.043304,837,-0.020274,868,-0.091063,,,,,,,,,,,,
,,,768,47.64663,768,0.042377,808,0.032441,838,0.03383,869,0.081698,,,,,,,,,,,,
,,,769,54.398857,769,0.044744,809,0.028707,839,0.04734,870,0.177127,,,,,,,,,,,,
,,,770,60.014504,770,0.03484,810,0.049666,840,0.044825,871,0.252657,,,,,,,,,,,,
,,,771,63.466355,771,0.040515,811,0.041115,841,0.011001,872,0.254254,,,,,,,,,,,,
,,,772,63.573701,772,0.041384,812,0.035056,842,0.078982,873,0.126731,,,,,,,,,,,,
,,,773,61.276057,773,0.042007,813,0.05331,843,0.074955,874,0.242475,,,,,,,,,,,,
,,,774,55.984468,774,0.049632,814,0.035589,844,0.05865,875,-0.506187,,,,,,,,,,,,
,,,775,49.481765,775,0.05673,815,0.037398,845,0.133871,,,,,,,,,,,,,,
,,,776,43.14703,776,0.05178,816,0.051625,846,0.100905,,,,,,,,,,,,,,
,,,777,37.662731,777,0.06066,817,0.04405,847,0.024181,,,,,,,,,,,,,,
,,,778,33.213618,778,0.068451,818,0.043146,848,0.020402,,,,,,,,,,,,,,
,,,779,29.867409,779,0.072408,819,0.060599,849,0.049489,,,,,,,,,,,,,,
,,,780,27.575396,780,0.097494,820,0.064128,850,0.00369,,,,,,,,,,,,,,
,,,781,25.943711,781,0.109619,821,0.069911,851,-0.000752,,,,,,,,,,,,,,
,,,782,25.035796,782,0.124691,822,0.090131,852,-0.023075,,,,,,,,,,,,,,
,,,783,24.937627,783,0.14481,823,0.103506,853,0.143755,,,,,,,,,,,,,,
,,,784,25.264796,784,0.167693,824,0.12529,854,0.053897,,,,,,,,,,,,,,
,,,785,26.183272,785,0.200704,825,0.148102,855,0.059288,,,,,,,,,,,,,,
,,,786,28.012241,786,0.263135,826,0.165382,856,0.025293,,,,,,,,,,,,,,
,,,787,30.542208,787,0.298887,827,0.21069,857,-0.028427,,,,,,,,,,,,,,
,,,788,33.969716,788,0.387733,828,0.23155,858,-0.055078,,,,,,,,,,,,,,
,,,789,38.228926,789,0.483084,829,0.269987,859,0.094607,,,,,,,,,,,,,,
,,,790,43.755985,790,0.623694,830,0.354831,860,0.017946,,,,,,,,,,,,,,
,,,,,791,0.812403,831,0.431688,861,0.120741,,,,,,,,,,,,,,
,,,,,792,1.07271,832,0.551233,862,0.153927,,,,,,,,,,,,,,
,,,,,793,1.453118,833,0.689131,863,0.244514,,,,,,,,,,,,,,
,,,,,794,1.999372,834,0.883766,864,0.335624,,,,,,,,,,,,,,
,,,,,795,2.71317,835,1.120683,865,0.073899,,,,,,,,,,,,,,
,,,,,796,3.6698,836,1.446582,866,0.010027,,,,,,,,,,,,,,
,,,,,797,4.970206,837,1.941329,867,0.293201,,,,,,,,,,,,,,
,,,,,798,6.672859,838,2.529297,868,0.105201,,,,,,,,,,,,,,
,,,,,799,8.61141,839,3.271814,869,-0.029152,,,,,,,,,,,,,,
,,,,,800,10.869746,840,4.127299,870,-0.10769,,,,,,,,,,,,,,
,,,,,801,13.430788,841,5.520677,871,0.609887,,,,,,,,,,,,,,
,,,,,802,16.072245,842,6.972659,872,0.430363,,,,,,,,,,,,,,
,,,,,803,18.746057,843,8.820144,873,0.082081,,,,,,,,,,,,,,
,,,,,804,21.606059,844,10.684716,874,0.196626,,,,,,,,,,,,,,
,,,,,805,24.716285,845,12.804502,875,0.143594,,,,,,,,,,,,,,
,,,,,806,28.073481,846,14.956641,,,,,,,,,,,,,,,,
,,,,,807,31.880837,847,17.141454,,,,,,,,,,,,,,,,
,,,,,808,36.120729,848,20.161421,,,,,,,,,,,,,,,,
,,,,,809,40.907406,849,23.045812,,,,,,,,,,,,,,,,
,,,,,810,46.345243,850,26.192938,,,,,,,,,,,,,,,,
,,,,,811,50.839749,851,30.405586,,,,,,,,,,,,,,,,
,,,,,812,54.818659,852,35.44798,,,,,,,,,,,,,,,,
,,,,,813,57.23385,853,41.662448,,,,,,,,,,,,,,,,
,,,,,814,57.227046,854,48.871085,,,,,,,,,,,,,,,,
,,,,,815,55.179524,855,57.530522,,,,,,,,,,,,,,,,
,,,,,816,51.442286,856,65.988961,,,,,,,,,,,,,,,,
,,,,,817,46.890236,857,72.190009,,,,,,,,,,,,,,,,
,,,,,818,41.756415,858,75.459295,,,,,,,,,,,,,,,,
,,,,,819,37.185985,859,76.559222,,,,,,,,,,,,,,,,
,,,,,820,33.043659,860,71.956586,,,,,,,,,,,,,,,,
,,,,,821,29.97655,,,,,,,,,,,,,,,,,,
,,,,,822,27.549757,,,,,,,,,,,,,,,,,,
,,,,,823,25.596046,,,,,,,,,,,,,,,,,,
,,,,,824,24.60581,,,,,,,,,,,,,,,,,,
,,,,,825,24.159768,,,,,,,,,,,,,,,,,,
,,,,,826,23.872625,,,,,,,,,,,,,,,,,,
,,,,,827,24.346133,,,,,,,,,,,,,,,,,,
,,,,,828,25.211328,,,,,,,,,,,,,,,,,,
,,,,,829,26.860276,,,,,,,,,,,,,,,,,,
,,,,,830,28.940857,,,,,,,,,,,,,,,,,,
